-- MySQL dump 10.13  Distrib 5.7.16, for osx10.11 (x86_64)
--
-- Host: localhost    Database: getmoving
-- ------------------------------------------------------
-- Server version	5.7.16

/*!40101 SET @OLD_CHARACTER_SET_CLIENT=@@CHARACTER_SET_CLIENT */;
/*!40101 SET @OLD_CHARACTER_SET_RESULTS=@@CHARACTER_SET_RESULTS */;
/*!40101 SET @OLD_COLLATION_CONNECTION=@@COLLATION_CONNECTION */;
/*!40101 SET NAMES utf8 */;
/*!40103 SET @OLD_TIME_ZONE=@@TIME_ZONE */;
/*!40103 SET TIME_ZONE='+00:00' */;
/*!40014 SET @OLD_UNIQUE_CHECKS=@@UNIQUE_CHECKS, UNIQUE_CHECKS=0 */;
/*!40014 SET @OLD_FOREIGN_KEY_CHECKS=@@FOREIGN_KEY_CHECKS, FOREIGN_KEY_CHECKS=0 */;
/*!40101 SET @OLD_SQL_MODE=@@SQL_MODE, SQL_MODE='NO_AUTO_VALUE_ON_ZERO' */;
/*!40111 SET @OLD_SQL_NOTES=@@SQL_NOTES, SQL_NOTES=0 */;

--
-- Table structure for table `media`
--

DROP TABLE IF EXISTS `media`;
/*!40101 SET @saved_cs_client     = @@character_set_client */;
/*!40101 SET character_set_client = utf8 */;
CREATE TABLE `media` (
  `id` int(11) NOT NULL AUTO_INCREMENT,
  `file_name` varchar(255) COLLATE utf8_unicode_ci NOT NULL,
  `path` varchar(255) COLLATE utf8_unicode_ci NOT NULL,
  `size` int(11) NOT NULL,
  `format` varchar(255) COLLATE utf8_unicode_ci NOT NULL,
  `date_uploaded` datetime NOT NULL,
  PRIMARY KEY (`id`)
) ENGINE=InnoDB AUTO_INCREMENT=16 DEFAULT CHARSET=utf8 COLLATE=utf8_unicode_ci;
/*!40101 SET character_set_client = @saved_cs_client */;

--
-- Dumping data for table `media`
--

LOCK TABLES `media` WRITE;
/*!40000 ALTER TABLE `media` DISABLE KEYS */;
INSERT INTO `media` VALUES (1,'15202589_10154756035381823_5040411673279236725_n.jpg','uploads/media-library/2016/12/',46951,'image','2016-12-09 17:44:35'),(2,'barefoot-island.jpg','uploads/media-library/2016/12/',67024,'image','2016-12-09 17:44:35'),(3,'boating.jpg','uploads/media-library/2016/12/',49276,'image','2016-12-09 17:44:35'),(4,'botaira_island_resort.jpg','uploads/media-library/2016/12/',105908,'image','2016-12-09 17:44:35'),(5,'clouds_like_powder_sugar.jpg','uploads/media-library/2016/12/',75172,'image','2016-12-09 17:44:35'),(6,'dronephotography.jpg','uploads/media-library/2016/12/',43881,'image','2016-12-09 17:44:35'),(7,'logo.png','uploads/media-library/2016/12/',69504,'image','2016-12-09 17:44:35'),(8,'lonely_island.jpg','uploads/media-library/2016/12/',55414,'image','2016-12-09 17:44:35'),(9,'mantaray_front_terrase.jpg','uploads/media-library/2016/12/',89068,'image','2016-12-09 17:44:35'),(10,'skydive.jpg','uploads/media-library/2016/12/',67607,'image','2016-12-09 17:44:35'),(11,'slimmy_island_fiji.jpg','uploads/media-library/2016/12/',41781,'image','2016-12-09 17:44:35'),(12,'smokey_sunset.jpg','uploads/media-library/2016/12/',59656,'image','2016-12-09 17:44:35'),(13,'sunset.jpg','uploads/media-library/2016/12/',38326,'image','2016-12-09 17:44:35'),(14,'the_fiji_islands_yasawa_group.jpg','uploads/media-library/2016/12/',53814,'image','2016-12-09 17:44:35'),(15,'yasawas-near-mantaray-and-barefoot.jpg','uploads/media-library/2016/12/',48492,'image','2016-12-09 17:44:35');
/*!40000 ALTER TABLE `media` ENABLE KEYS */;
UNLOCK TABLES;

--
-- Table structure for table `migration_versions`
--

DROP TABLE IF EXISTS `migration_versions`;
/*!40101 SET @saved_cs_client     = @@character_set_client */;
/*!40101 SET character_set_client = utf8 */;
CREATE TABLE `migration_versions` (
  `version` varchar(255) COLLATE utf8_unicode_ci NOT NULL,
  PRIMARY KEY (`version`)
) ENGINE=InnoDB DEFAULT CHARSET=utf8 COLLATE=utf8_unicode_ci;
/*!40101 SET character_set_client = @saved_cs_client */;

--
-- Dumping data for table `migration_versions`
--

LOCK TABLES `migration_versions` WRITE;
/*!40000 ALTER TABLE `migration_versions` DISABLE KEYS */;
INSERT INTO `migration_versions` VALUES ('20161209172950'),('20161209173807'),('20161210170952');
/*!40000 ALTER TABLE `migration_versions` ENABLE KEYS */;
UNLOCK TABLES;

--
-- Table structure for table `organisation`
--

DROP TABLE IF EXISTS `organisation`;
/*!40101 SET @saved_cs_client     = @@character_set_client */;
/*!40101 SET character_set_client = utf8 */;
CREATE TABLE `organisation` (
  `id` int(11) NOT NULL AUTO_INCREMENT,
  `logo_id` int(11) DEFAULT NULL,
  `name` varchar(255) COLLATE utf8_unicode_ci NOT NULL,
  `description` varchar(255) COLLATE utf8_unicode_ci NOT NULL,
  `mission` longtext COLLATE utf8_unicode_ci,
  `vision` longtext COLLATE utf8_unicode_ci,
  `core_values` longtext COLLATE utf8_unicode_ci COMMENT '(DC2Type:json_array)',
  `about` longtext COLLATE utf8_unicode_ci NOT NULL,
  `punchline` varchar(255) COLLATE utf8_unicode_ci DEFAULT NULL,
  `email_support` varchar(255) COLLATE utf8_unicode_ci NOT NULL,
  `email_official` varchar(255) COLLATE utf8_unicode_ci DEFAULT NULL,
  `address` longtext COLLATE utf8_unicode_ci,
  `facebook` varchar(255) COLLATE utf8_unicode_ci DEFAULT NULL,
  `twitter` varchar(255) COLLATE utf8_unicode_ci DEFAULT NULL,
  `linkedin` varchar(255) COLLATE utf8_unicode_ci DEFAULT NULL,
  `youtube` varchar(255) COLLATE utf8_unicode_ci DEFAULT NULL,
  `snapchat` varchar(255) COLLATE utf8_unicode_ci DEFAULT NULL,
  `instagram` varchar(255) COLLATE utf8_unicode_ci DEFAULT NULL,
  `googleplus` varchar(255) COLLATE utf8_unicode_ci DEFAULT NULL,
  PRIMARY KEY (`id`),
  KEY `IDX_E6E132B4F98F144A` (`logo_id`),
  CONSTRAINT `FK_E6E132B4F98F144A` FOREIGN KEY (`logo_id`) REFERENCES `media` (`id`)
) ENGINE=InnoDB AUTO_INCREMENT=7 DEFAULT CHARSET=utf8 COLLATE=utf8_unicode_ci;
/*!40101 SET character_set_client = @saved_cs_client */;

--
-- Dumping data for table `organisation`
--

LOCK TABLES `organisation` WRITE;
/*!40000 ALTER TABLE `organisation` DISABLE KEYS */;
INSERT INTO `organisation` VALUES (3,NULL,'GetMoving - Fiji','Fugiat itaque et sit est similique omnis recusandae. Vel qui unde et dolor.','Ducimus culpa quae dolores blanditiis. Ut nemo eum vitae impedit recusandae temporibus quam aperiam. Omnis corrupti hic aut qui rem.','Earum unde et ut corporis recusandae ad omnis explicabo. Sed et quis aut facilis a eum.','[\"Secure\",\"Safety\"]','Cupiditate asperiores assumenda molestiae culpa nobis beatae. Culpa aliquam debitis aut magni qui qui officia. Sint quia quibusdam est ratione. Et consequatur suscipit saepe quia.','For volunteers, by volunteers','ondricka.hermina@heathcote.com','rrenner@bernhard.net','Denmark, Søborg 28760','GetMoving','GetMoving',NULL,'GetMoving','GetMoving','GetMoving',NULL),(4,7,'GetMoving - Fiji','Fugiat itaque et sit est similique omnis recusandae. Vel qui unde et dolor.','Pudding I love halvah I love apple pie jelly-o dragée cake. Sesame snaps pudding tiramisu. Tiramisu I love I love sweet. Pudding fruitcake gummi bears apple pie macaroon gummies sweet jelly-o. Sesame snaps fruitcake dragée lemon drops jelly-o lemon drops I love pastry croissant. Croissant caramels sugar plum caramels jelly-o. Cookie I love dragée apple pie liquorice. Cake I love dragée muffin tiramisu chocolate. Halvah tootsie roll jelly-o liquorice. Powder halvah I love bonbon bonbon caramels tart I love sesame snaps. I love I love fruitcake dragée candy canes ice cream marzipan gummies. Pudding marshmallow bear claw chocolate I love sesame snaps.','Danish caramels sugar plum wafer topping cake I love cotton candy cake. Jujubes croissant I love cupcake candy canes marshmallow tootsie roll oat cake. Lemon drops tootsie roll biscuit. Icing sesame snaps soufflé brownie chocolate liquorice. Bonbon jelly beans croissant I love. Biscuit jujubes carrot cake fruitcake soufflé. Topping chocolate bar croissant sweet.','{\"0\":null,\"__name__\":null}','<p>Sugar plum jelly bonbon croissant jujubes caramels jujubes cake. Topping chocolate gummies. Lollipop I love candy. Toffee candy canes sugar plum carrot cake. Muffin pie brownie sugar plum jelly donut. Cupcake tart souffl&eacute; topping gummies I love icing. Cheesecake jelly tootsie roll jelly-o I love. Cheesecake gummies pie. Icing icing pie souffl&eacute; gummi bears dessert bonbon candy canes. Sweet cheesecake sugar plum. Cupcake fruitcake icing dessert chocolate candy sugar plum. Tootsie roll I love marshmallow I love carrot cake marzipan chocolate bar marzipan.</p>\r\n<h2>This why im hot</h2>\r\n<p>Apple pie chupa chups jelly-o muffin apple pie chupa chups tart powder. Croissant chupa chups caramels I love lollipop chupa chups biscuit. I love sweet toffee marzipan cake macaroon jelly tiramisu candy canes. Candy marshmallow caramels tiramisu. Candy apple pie cake cake chupa chups macaroon jelly-o fruitcake powder. Brownie tootsie roll fruitcake wafer bear claw muffin I love cotton candy I love. Fruitcake marzipan gummi bears muffin cotton candy I love macaroon pudding. Chocolate marzipan wafer tart marzipan chocolate cake. Sweet bonbon tart sweet roll lollipop. Sweet roll icing gummies chupa chups pastry. Cookie chocolate halvah jujubes I love croissant tiramisu liquorice. Souffl&eacute; candy canes bonbon marshmallow caramels.</p>\r\n<p><span class=\"ng-directive ng-binding\">&nbsp;</span></p>','For volunteers, by volunteers','kaiser.carante@com.dk','c.kaiser.p@gmail.com','Denmark, Søborg 2860','GetMoving','GetMoving',NULL,'GetMoving',NULL,'GetMoving',NULL),(5,7,'GetMoving - Fiji','Fugiat itaque et sit est similique omnis recusandae. Vel qui unde et dolor.','Pudding I love halvah I love apple pie jelly-o dragée cake. Sesame snaps pudding tiramisu. Tiramisu I love I love sweet. Pudding fruitcake gummi bears apple pie macaroon gummies sweet jelly-o. Sesame snaps fruitcake dragée lemon drops jelly-o lemon drops I love pastry croissant. Croissant caramels sugar plum caramels jelly-o. Cookie I love dragée apple pie liquorice. Cake I love dragée muffin tiramisu chocolate. Halvah tootsie roll jelly-o liquorice. Powder halvah I love bonbon bonbon caramels tart I love sesame snaps. I love I love fruitcake dragée candy canes ice cream marzipan gummies. Pudding marshmallow bear claw chocolate I love sesame snaps.','Danish caramels sugar plum wafer topping cake I love cotton candy cake. Jujubes croissant I love cupcake candy canes marshmallow tootsie roll oat cake. Lemon drops tootsie roll biscuit. Icing sesame snaps soufflé brownie chocolate liquorice. Bonbon jelly beans croissant I love. Biscuit jujubes carrot cake fruitcake soufflé. Topping chocolate bar croissant sweet.','{\"0\":null,\"__name__\":null}','<p>Sugar plum jelly bonbon croissant jujubes caramels jujubes cake. Topping chocolate gummies. Lollipop I love candy. Toffee candy canes sugar plum carrot cake. Muffin pie brownie sugar plum jelly donut. Cupcake tart souffl&eacute; topping gummies I love icing. Cheesecake jelly tootsie roll jelly-o I love. Cheesecake gummies pie. Icing icing pie souffl&eacute; gummi bears dessert bonbon candy canes. Sweet cheesecake sugar plum. Cupcake fruitcake icing dessert chocolate candy sugar plum. Tootsie roll I love marshmallow I love carrot cake marzipan chocolate bar marzipan.</p>\r\n<h2>This why im hot</h2>\r\n<p>Apple pie chupa chups jelly-o muffin apple pie chupa chups tart powder. Croissant chupa chups caramels I love lollipop chupa chups biscuit. I love sweet toffee marzipan cake macaroon jelly tiramisu candy canes. Candy marshmallow caramels tiramisu. Candy apple pie cake cake chupa chups macaroon jelly-o fruitcake powder. Brownie tootsie roll fruitcake wafer bear claw muffin I love cotton candy I love. Fruitcake marzipan gummi bears muffin cotton candy I love macaroon pudding. Chocolate marzipan wafer tart marzipan chocolate cake. Sweet bonbon tart sweet roll lollipop. Sweet roll icing gummies chupa chups pastry. Cookie chocolate halvah jujubes I love croissant tiramisu liquorice. Souffl&eacute; candy canes bonbon marshmallow caramels.</p>\r\n<p><span class=\"ng-directive ng-binding\">&nbsp;</span></p>','For volunteers, by volunteers EPIC!','kaiser.carante@com.dk','c.kaiser.p@gmail.com','Denmark, Søborg 2860','GetMoving','GetMoving',NULL,'GetMoving',NULL,'GetMoving',NULL),(6,7,'GetMoving - Fiji','Fugiat itaque et sit est similique omnis recusandae. Vel qui unde et dolor.','Pudding I love halvah I love apple pie jelly-o dragée cake. Sesame snaps pudding tiramisu. Tiramisu I love I love sweet. Pudding fruitcake gummi bears apple pie macaroon gummies sweet jelly-o. Sesame snaps fruitcake dragée lemon drops jelly-o lemon drops I love pastry croissant. Croissant caramels sugar plum caramels jelly-o. Cookie I love dragée apple pie liquorice. Cake I love dragée muffin tiramisu chocolate. Halvah tootsie roll jelly-o liquorice. Powder halvah I love bonbon bonbon caramels tart I love sesame snaps. I love I love fruitcake dragée candy canes ice cream marzipan gummies. Pudding marshmallow bear claw chocolate I love sesame snaps.','Danish caramels sugar plum wafer topping cake I love cotton candy cake. Jujubes croissant I love cupcake candy canes marshmallow tootsie roll oat cake. Lemon drops tootsie roll biscuit. Icing sesame snaps soufflé brownie chocolate liquorice. Bonbon jelly beans croissant I love. Biscuit jujubes carrot cake fruitcake soufflé. Topping chocolate bar croissant sweet.','{\"0\":null,\"__name__\":null}','<p>Sugar plum jelly bonbon croissant jujubes caramels jujubes cake. Topping chocolate gummies. Lollipop I love candy. Toffee candy canes sugar plum carrot cake. Muffin pie brownie sugar plum jelly donut. Cupcake tart souffl&eacute; topping gummies I love icing. Cheesecake jelly tootsie roll jelly-o I love. Cheesecake gummies pie. Icing icing pie souffl&eacute; gummi bears dessert bonbon candy canes. Sweet cheesecake sugar plum. Cupcake fruitcake icing dessert chocolate candy sugar plum. Tootsie roll I love marshmallow I love carrot cake marzipan chocolate bar marzipan.</p>\r\n<h2>This why im hot</h2>\r\n<p>Apple pie chupa chups jelly-o muffin apple pie chupa chups tart powder. Croissant chupa chups caramels I love lollipop chupa chups biscuit. I love sweet toffee marzipan cake macaroon jelly tiramisu candy canes. Candy marshmallow caramels tiramisu. Candy apple pie cake cake chupa chups macaroon jelly-o fruitcake powder. Brownie tootsie roll fruitcake wafer bear claw muffin I love cotton candy I love. Fruitcake marzipan gummi bears muffin cotton candy I love macaroon pudding. Chocolate marzipan wafer tart marzipan chocolate cake. Sweet bonbon tart sweet roll lollipop. Sweet roll icing gummies chupa chups pastry. Cookie chocolate halvah jujubes I love croissant tiramisu liquorice. Souffl&eacute; candy canes bonbon marshmallow caramels.</p>\r\n<p><span class=\"ng-directive ng-binding\">&nbsp;</span></p>','For volunteers, by volunteers EPIC!','c.kaiser.p@gmail.com','solution@carante.dk','Denmark, Søborg 2860','GetMoving','GetMoving',NULL,'GetMoving',NULL,'GetMoving',NULL);
/*!40000 ALTER TABLE `organisation` ENABLE KEYS */;
UNLOCK TABLES;

--
-- Table structure for table `program`
--

DROP TABLE IF EXISTS `program`;
/*!40101 SET @saved_cs_client     = @@character_set_client */;
/*!40101 SET character_set_client = utf8 */;
CREATE TABLE `program` (
  `id` int(11) NOT NULL AUTO_INCREMENT,
  `feature_id` int(11) DEFAULT NULL,
  `title` varchar(255) COLLATE utf8_unicode_ci NOT NULL,
  `teaser` varchar(255) COLLATE utf8_unicode_ci NOT NULL,
  `description` longtext COLLATE utf8_unicode_ci NOT NULL,
  `role` varchar(255) COLLATE utf8_unicode_ci NOT NULL,
  `location` varchar(255) COLLATE utf8_unicode_ci NOT NULL,
  `stay` varchar(255) COLLATE utf8_unicode_ci NOT NULL,
  `meals` varchar(255) COLLATE utf8_unicode_ci NOT NULL,
  `min_duration` int(11) NOT NULL,
  `price` int(11) NOT NULL,
  `start_date` date DEFAULT NULL,
  `flex_start` tinyint(1) DEFAULT NULL,
  `is_active` tinyint(1) NOT NULL,
  PRIMARY KEY (`id`),
  KEY `IDX_92ED778460E4B879` (`feature_id`),
  CONSTRAINT `FK_92ED778460E4B879` FOREIGN KEY (`feature_id`) REFERENCES `media` (`id`)
) ENGINE=InnoDB AUTO_INCREMENT=19 DEFAULT CHARSET=utf8 COLLATE=utf8_unicode_ci;
/*!40101 SET character_set_client = @saved_cs_client */;

--
-- Dumping data for table `program`
--

LOCK TABLES `program` WRITE;
/*!40000 ALTER TABLE `program` DISABLE KEYS */;
INSERT INTO `program` VALUES (13,2,'Cyclone Winston Rebuilding','This program is gonna be awesome! on a mission to make the form work splendidlyThis program is gonna be awesome! on a mission to make the form work splendidly','<h3 style=\"box-sizing: border-box; font-family: Cabin; line-height: 1.1; color: #363c48; margin-top: 26px; margin-bottom: 13px; font-size: 26px;\"><span style=\"box-sizing: border-box; color: #ff9900;\">Overview</span></h3>\r\n<div class=\"paragraph\" style=\"box-sizing: border-box; color: #222324; font-family: Lato; font-size: 16px;\">\r\n<p style=\"box-sizing: border-box; margin: 0px 0px 20.8px;\"><span style=\"box-sizing: border-box; font-size: 14pt;\">On February 21, 2016 the largest cyclone ever recorded in the southern hemisphere tore through the Fijian islands, straight over the main island of Viti Levu with 650,000 population.</span></p>\r\n<p style=\"box-sizing: border-box; margin: 0px 0px 20.8px;\"><span style=\"box-sizing: border-box; font-size: 14pt;\">Cyclone Winston, &nbsp;with wind gusts of 325kmh and waves up to 12m high left scenes of destruction with peoples homes and livelihoods devastated in the wake of the storm.</span></p>\r\n<p style=\"box-sizing: border-box; margin: 0px 0px 20.8px;\"><span style=\"box-sizing: border-box; font-size: 14pt;\">The cyclone has caused widespread flash flooding and power outages, including in the country&rsquo;s capital of Suva. &nbsp;Entire outer island communities with weaker infrastructure have been completely destroyed and vulnerable to food and water scarcity and disease.</span></p>\r\n</div>\r\n<div class=\"paragraph\" style=\"box-sizing: border-box; color: #222324; font-family: Lato; font-size: 16px;\"><span style=\"box-sizing: border-box; font-size: 14pt;\">TC Winston devastated many sources of local livelihood especially in agricultural communities whose main source of income is farming. &nbsp;The outcome has forced many families to be homeless and dependent on relief goods and services. &nbsp;Tens of thousands of people have been forced from their homes and living in evacuation centers.</span></div>\r\n<div class=\"paragraph\" style=\"box-sizing: border-box; color: #222324; font-family: Lato; font-size: 16px;\"><span style=\"box-sizing: border-box; font-size: 14pt;\">&nbsp;</span></div>\r\n<div class=\"paragraph\" style=\"box-sizing: border-box; color: #222324; font-family: Lato; font-size: 16px;\"><span style=\"box-sizing: border-box; font-size: 14pt;\">&bull; The estimated recovery time is expected between 18 and 24 months</span><br style=\"box-sizing: border-box;\" /><span style=\"box-sizing: border-box; font-size: 14pt;\">&bull; Power won&rsquo;t be fully restored until August 2016</span><br style=\"box-sizing: border-box;\" /><span style=\"box-sizing: border-box; font-size: 14pt;\">&bull; The state of emergency ends 20MAR, however it&rsquo;s expected to be extended for another 1-2 months for some regions</span><br style=\"box-sizing: border-box;\" /><span style=\"box-sizing: border-box; font-size: 14pt;\">&bull; There is a severe lack of timber and seeds at the moment due to the agricultural damage caused by Winston</span><br style=\"box-sizing: border-box;\" /><span style=\"box-sizing: border-box; font-size: 14pt;\">&bull; Homes and businesses won&rsquo;t be touched for many weeks through the North Central regions</span><br style=\"box-sizing: border-box;\" /><span style=\"box-sizing: border-box; font-size: 14pt;\">&bull; The maritime Islands will take an extremely long time to assess as it&rsquo;s costing $20,000FJ per 3-4 day trip out there to assess them &ndash; some of these areas are catastrophically damaged compared to Viti Levu (main island)</span><br style=\"box-sizing: border-box;\" /><span style=\"box-sizing: border-box; font-size: 14pt;\">&bull; Sugar and Rice farming have also significantly suffered</span></div>\r\n<div class=\"paragraph\" style=\"box-sizing: border-box; color: #222324; font-family: Lato; font-size: 16px;\">\r\n<h3 style=\"box-sizing: border-box; font-family: Cabin; line-height: 1.1; color: #363c48; margin-top: 26px; margin-bottom: 13px; font-size: 26px;\"><span style=\"box-sizing: border-box; color: #ff9900;\">Location</span></h3>\r\n<div class=\"paragraph\" style=\"box-sizing: border-box;\"><span style=\"box-sizing: border-box; font-size: medium;\"><strong style=\"box-sizing: border-box;\">&nbsp;<span style=\"box-sizing: border-box; font-size: 14pt;\">Ovalau Island</span></strong><br style=\"box-sizing: border-box;\" /><span style=\"box-sizing: border-box; font-size: 14pt;\">You&rsquo;ll be working in Suva as well as coastal townships on the island of Ovalau (off the cost of Suva) which are some of the hardest hit regions in Fiji. &nbsp;Some towns have been completely destroyed. &nbsp;We&rsquo;re talking not a single house spared from disaster. &nbsp; The needs are so many at this time it&rsquo;s difficult to put into words. &nbsp;Here you are able to make a real difference regardless&nbsp;of your age, experience or background. &nbsp;</span></span></div>\r\n</div>\r\n<div class=\"paragraph\" style=\"box-sizing: border-box; color: #222324; font-family: Lato; font-size: 16px;\">\r\n<h3 style=\"box-sizing: border-box; font-family: Cabin; line-height: 1.1; color: #363c48; margin-top: 26px; margin-bottom: 13px; font-size: 26px;\"><span style=\"box-sizing: border-box; color: #ff9900;\">Project Tasks</span></h3>\r\n</div>\r\n<p>&nbsp;</p>\r\n<div class=\"paragraph\" style=\"box-sizing: border-box; color: #222324; font-family: Lato; font-size: 16px; font-style: normal; font-variant-ligatures: normal; font-variant-caps: normal; font-weight: normal; letter-spacing: normal; orphans: 2; text-align: start; text-indent: 0px; text-transform: none; white-space: normal; widows: 2; word-spacing: 0px; -webkit-text-stroke-width: 0px; background-color: #ffffff;\">\r\n<p style=\"box-sizing: border-box; margin: 0px 0px 20.8px;\"><span style=\"box-sizing: border-box; font-size: 14pt;\">The following is a list of volunteer projects available</span></p>\r\n&nbsp;\r\n<ul style=\"box-sizing: border-box; margin-top: 0px; margin-bottom: 13px;\">\r\n<li style=\"box-sizing: border-box;\"><span style=\"box-sizing: border-box; font-size: 14pt;\"><span style=\"box-sizing: border-box; color: #5040ae;\"><strong style=\"box-sizing: border-box; font-weight: bold;\">Emergency Assistance &amp; Aid Materials</strong></span></span></li>\r\n</ul>\r\n<p style=\"box-sizing: border-box; margin: 0px 0px 20.8px;\"><span style=\"box-sizing: border-box; font-size: 14pt;\">We&rsquo;ll have you placed within government and privately affiliated disaster recovery agencies equipped to deal with the devastated communities providing emergency aid, clean-up services, medical care and support. &nbsp; Work along side local specialist aid agencies. &nbsp; &nbsp;We also request all incoming volunteers to&nbsp;carry whatever possible aid and relief material&nbsp;they are able to in the form of water, food,&nbsp;clothing, first aid, medicine, and much more.</span></p>\r\n<ul style=\"box-sizing: border-box; margin-top: 0px; margin-bottom: 13px;\">\r\n<li style=\"box-sizing: border-box;\"><span style=\"box-sizing: border-box; font-size: 14pt;\"><span style=\"box-sizing: border-box; color: #5040ae;\"><strong style=\"box-sizing: border-box; font-weight: bold;\">Clean-up &amp; Rebuilding</strong></span></span></li>\r\n</ul>\r\n<p style=\"box-sizing: border-box; margin: 0px 0px 20.8px;\"><span style=\"box-sizing: border-box; font-size: 14pt;\">Work along side local tradesman and help rebuild homes and damaged community buildings. &nbsp;&nbsp;No specialist skills required, however tradespeople of all types (carpentry, plumbing, building, laborers, electricians etc) are in high demand.&nbsp;Several thousand people are&nbsp;homeless and there is also immense damage to&nbsp;public buildings, churches and homes. &nbsp; We&nbsp;need volunteers to help with&nbsp;rebuilding efforts, building makeshift&nbsp;accommodation and clearing of debris.</span></p>\r\n<ul style=\"box-sizing: border-box; margin-top: 0px; margin-bottom: 13px;\">\r\n<li style=\"box-sizing: border-box;\"><span style=\"box-sizing: border-box; font-size: 14pt;\"><span style=\"box-sizing: border-box; color: #5040ae;\"><strong style=\"box-sizing: border-box; font-weight: bold;\">Healthcare and Medical</strong></span></span></li>\r\n</ul>\r\n<p style=\"box-sizing: border-box; margin: 0px 0px 20.8px;\"><span style=\"box-sizing: border-box; font-size: 14pt;\">There is a great need of medical volunteers in&nbsp;the form of doctors and nurses to administer&nbsp;basic first aid and treat people who have&nbsp;suffered trauma and injury. We also need&nbsp;medical volunteers to travel to rural areas and&nbsp;project locations to treat people in need.</span></p>\r\n<ul style=\"box-sizing: border-box; margin-top: 0px; margin-bottom: 13px;\">\r\n<li style=\"box-sizing: border-box;\"><span style=\"box-sizing: border-box; font-size: 14pt;\"><span style=\"box-sizing: border-box; color: #5040ae;\"><strong style=\"box-sizing: border-box; font-weight: bold;\">Childcare &amp; Support</strong></span></span></li>\r\n</ul>\r\n<p style=\"box-sizing: border-box; margin: 0px 0px 20.8px;\"><span style=\"box-sizing: border-box; font-size: 14pt;\">The children at the projects we work with and&nbsp;others around the island who have been&nbsp;through this terrible ordeal would have&nbsp;suffered a great deal of trauma and loss.</span></p>\r\n</div>','Cleaner and social assistant','Nadi, Fiji','Homestay','All meals',11,115,NULL,1,1),(14,10,'FijiLife Fitness assistant manager','Apple pie chupa chups jelly-o muffin apple pie chupa chups tart powder. Croissant chupa chups caramels I love lollipop chupa chups biscuit. I love sweet toffee marzipan cake macaroon jelly tiramisu candy canes','<h3 style=\"box-sizing: border-box; font-family: Cabin; line-height: 1.1; color: #363c48; margin-top: 26px; margin-bottom: 13px; font-size: 26px;\"><span style=\"box-sizing: border-box; color: #ff9900;\">Overview</span></h3>\r\n<div class=\"paragraph\" style=\"box-sizing: border-box; color: #222324; font-family: Lato; font-size: 16px;\">\r\n<p style=\"box-sizing: border-box; margin: 0px 0px 20.8px;\"><span style=\"box-sizing: border-box; font-size: 14pt;\">On February 21, 2016 the largest cyclone ever recorded in the southern hemisphere tore through the Fijian islands, straight over the main island of Viti Levu with 650,000 population.</span></p>\r\n<p style=\"box-sizing: border-box; margin: 0px 0px 20.8px;\"><span style=\"box-sizing: border-box; font-size: 14pt;\">Cyclone Winston, &nbsp;with wind gusts of 325kmh and waves up to 12m high left scenes of destruction with peoples homes and livelihoods devastated in the wake of the storm.</span></p>\r\n<p style=\"box-sizing: border-box; margin: 0px 0px 20.8px;\"><span style=\"box-sizing: border-box; font-size: 14pt;\">The cyclone has caused widespread flash flooding and power outages, including in the country&rsquo;s capital of Suva. &nbsp;Entire outer island communities with weaker infrastructure have been completely destroyed and vulnerable to food and water scarcity and disease.</span></p>\r\n</div>\r\n<div class=\"paragraph\" style=\"box-sizing: border-box; color: #222324; font-family: Lato; font-size: 16px;\"><span style=\"box-sizing: border-box; font-size: 14pt;\">TC Winston devastated many sources of local livelihood especially in agricultural communities whose main source of income is farming. &nbsp;The outcome has forced many families to be homeless and dependent on relief goods and services. &nbsp;Tens of thousands of people have been forced from their homes and living in evacuation centers.</span></div>\r\n<div class=\"paragraph\" style=\"box-sizing: border-box; color: #222324; font-family: Lato; font-size: 16px;\"><span style=\"box-sizing: border-box; font-size: 14pt;\">&nbsp;</span></div>\r\n<div class=\"paragraph\" style=\"box-sizing: border-box; color: #222324; font-family: Lato; font-size: 16px;\"><span style=\"box-sizing: border-box; font-size: 14pt;\">&bull; The estimated recovery time is expected between 18 and 24 months</span><br style=\"box-sizing: border-box;\" /><span style=\"box-sizing: border-box; font-size: 14pt;\">&bull; Power won&rsquo;t be fully restored until August 2016</span><br style=\"box-sizing: border-box;\" /><span style=\"box-sizing: border-box; font-size: 14pt;\">&bull; The state of emergency ends 20MAR, however it&rsquo;s expected to be extended for another 1-2 months for some regions</span><br style=\"box-sizing: border-box;\" /><span style=\"box-sizing: border-box; font-size: 14pt;\">&bull; There is a severe lack of timber and seeds at the moment due to the agricultural damage caused by Winston</span><br style=\"box-sizing: border-box;\" /><span style=\"box-sizing: border-box; font-size: 14pt;\">&bull; Homes and businesses won&rsquo;t be touched for many weeks through the North Central regions</span><br style=\"box-sizing: border-box;\" /><span style=\"box-sizing: border-box; font-size: 14pt;\">&bull; The maritime Islands will take an extremely long time to assess as it&rsquo;s costing $20,000FJ per 3-4 day trip out there to assess them &ndash; some of these areas are catastrophically damaged compared to Viti Levu (main island)</span><br style=\"box-sizing: border-box;\" /><span style=\"box-sizing: border-box; font-size: 14pt;\">&bull; Sugar and Rice farming have also significantly suffered</span></div>\r\n<div class=\"paragraph\" style=\"box-sizing: border-box; color: #222324; font-family: Lato; font-size: 16px;\">\r\n<h3 style=\"box-sizing: border-box; font-family: Cabin; line-height: 1.1; color: #363c48; margin-top: 26px; margin-bottom: 13px; font-size: 26px;\"><span style=\"box-sizing: border-box; color: #ff9900;\">Location</span></h3>\r\n<div class=\"paragraph\" style=\"box-sizing: border-box;\"><span style=\"box-sizing: border-box; font-size: medium;\"><strong style=\"box-sizing: border-box;\">&nbsp;<span style=\"box-sizing: border-box; font-size: 14pt;\">Ovalau Island</span></strong><br style=\"box-sizing: border-box;\" /><span style=\"box-sizing: border-box; font-size: 14pt;\">You&rsquo;ll be working in Suva as well as coastal townships on the island of Ovalau (off the cost of Suva) which are some of the hardest hit regions in Fiji. &nbsp;Some towns have been completely destroyed. &nbsp;We&rsquo;re talking not a single house spared from disaster. &nbsp; The needs are so many at this time it&rsquo;s difficult to put into words. &nbsp;Here you are able to make a real difference regardless&nbsp;of your age, experience or background. &nbsp;</span></span></div>\r\n</div>\r\n<div class=\"paragraph\" style=\"box-sizing: border-box; color: #222324; font-family: Lato; font-size: 16px;\">\r\n<h3 style=\"box-sizing: border-box; font-family: Cabin; line-height: 1.1; color: #363c48; margin-top: 26px; margin-bottom: 13px; font-size: 26px;\"><span style=\"box-sizing: border-box; color: #ff9900;\">Project Tasks</span></h3>\r\n</div>\r\n<p>&nbsp;</p>\r\n<div class=\"paragraph\" style=\"box-sizing: border-box; color: #222324; font-family: Lato; font-size: 16px; font-style: normal; font-variant-ligatures: normal; font-variant-caps: normal; font-weight: normal; letter-spacing: normal; orphans: 2; text-align: start; text-indent: 0px; text-transform: none; white-space: normal; widows: 2; word-spacing: 0px; -webkit-text-stroke-width: 0px; background-color: #ffffff;\">\r\n<p style=\"box-sizing: border-box; margin: 0px 0px 20.8px;\"><span style=\"box-sizing: border-box; font-size: 14pt;\">The following is a list of volunteer projects available</span></p>\r\n&nbsp;\r\n<ul style=\"box-sizing: border-box; margin-top: 0px; margin-bottom: 13px;\">\r\n<li style=\"box-sizing: border-box;\"><span style=\"box-sizing: border-box; font-size: 14pt;\"><span style=\"box-sizing: border-box; color: #5040ae;\"><strong style=\"box-sizing: border-box; font-weight: bold;\">Emergency Assistance &amp; Aid Materials</strong></span></span></li>\r\n</ul>\r\n<p style=\"box-sizing: border-box; margin: 0px 0px 20.8px;\"><span style=\"box-sizing: border-box; font-size: 14pt;\">We&rsquo;ll have you placed within government and privately affiliated disaster recovery agencies equipped to deal with the devastated communities providing emergency aid, clean-up services, medical care and support. &nbsp; Work along side local specialist aid agencies. &nbsp; &nbsp;We also request all incoming volunteers to&nbsp;carry whatever possible aid and relief material&nbsp;they are able to in the form of water, food,&nbsp;clothing, first aid, medicine, and much more.</span></p>\r\n<ul style=\"box-sizing: border-box; margin-top: 0px; margin-bottom: 13px;\">\r\n<li style=\"box-sizing: border-box;\"><span style=\"box-sizing: border-box; font-size: 14pt;\"><span style=\"box-sizing: border-box; color: #5040ae;\"><strong style=\"box-sizing: border-box; font-weight: bold;\">Clean-up &amp; Rebuilding</strong></span></span></li>\r\n</ul>\r\n<p style=\"box-sizing: border-box; margin: 0px 0px 20.8px;\"><span style=\"box-sizing: border-box; font-size: 14pt;\">Work along side local tradesman and help rebuild homes and damaged community buildings. &nbsp;&nbsp;No specialist skills required, however tradespeople of all types (carpentry, plumbing, building, laborers, electricians etc) are in high demand.&nbsp;Several thousand people are&nbsp;homeless and there is also immense damage to&nbsp;public buildings, churches and homes. &nbsp; We&nbsp;need volunteers to help with&nbsp;rebuilding efforts, building makeshift&nbsp;accommodation and clearing of debris.</span></p>\r\n<ul style=\"box-sizing: border-box; margin-top: 0px; margin-bottom: 13px;\">\r\n<li style=\"box-sizing: border-box;\"><span style=\"box-sizing: border-box; font-size: 14pt;\"><span style=\"box-sizing: border-box; color: #5040ae;\"><strong style=\"box-sizing: border-box; font-weight: bold;\">Healthcare and Medical</strong></span></span></li>\r\n</ul>\r\n<p style=\"box-sizing: border-box; margin: 0px 0px 20.8px;\"><span style=\"box-sizing: border-box; font-size: 14pt;\">There is a great need of medical volunteers in&nbsp;the form of doctors and nurses to administer&nbsp;basic first aid and treat people who have&nbsp;suffered trauma and injury. We also need&nbsp;medical volunteers to travel to rural areas and&nbsp;project locations to treat people in need.</span></p>\r\n<ul style=\"box-sizing: border-box; margin-top: 0px; margin-bottom: 13px;\">\r\n<li style=\"box-sizing: border-box;\"><span style=\"box-sizing: border-box; font-size: 14pt;\"><span style=\"box-sizing: border-box; color: #5040ae;\"><strong style=\"box-sizing: border-box; font-weight: bold;\">Childcare &amp; Support</strong></span></span></li>\r\n</ul>\r\n<p style=\"box-sizing: border-box; margin: 0px 0px 20.8px;\"><span style=\"box-sizing: border-box; font-size: 14pt;\">The children at the projects we work with and&nbsp;others around the island who have been&nbsp;through this terrible ordeal would have&nbsp;suffered a great deal of trauma and loss.</span></p>\r\n</div>','Business manager','Martintar, Fiji','Homestay','Dinner',6,166,NULL,1,1),(15,14,'Teaching local school kids in various subjects','Pudding I love halvah I love apple pie jelly-o dragée cake. Sesame snaps pudding tiramisu. Tiramisu I love I love sweet. Pudding fruitcake gummi bears apple pie macaroon gummies sweet jelly-o','<h3 style=\"box-sizing: border-box; font-family: Cabin; line-height: 1.1; color: #363c48; margin-top: 26px; margin-bottom: 13px; font-size: 26px;\"><span style=\"box-sizing: border-box; color: #ff9900;\">Overview</span></h3>\r\n<div class=\"paragraph\" style=\"box-sizing: border-box; color: #222324; font-family: Lato; font-size: 16px;\">\r\n<p style=\"box-sizing: border-box; margin: 0px 0px 20.8px;\"><span style=\"box-sizing: border-box; font-size: 14pt;\">On February 21, 2016 the largest cyclone ever recorded in the southern hemisphere tore through the Fijian islands, straight over the main island of Viti Levu with 650,000 population.</span></p>\r\n<p style=\"box-sizing: border-box; margin: 0px 0px 20.8px;\"><span style=\"box-sizing: border-box; font-size: 14pt;\">Cyclone Winston, &nbsp;with wind gusts of 325kmh and waves up to 12m high left scenes of destruction with peoples homes and livelihoods devastated in the wake of the storm.</span></p>\r\n<p style=\"box-sizing: border-box; margin: 0px 0px 20.8px;\"><span style=\"box-sizing: border-box; font-size: 14pt;\">The cyclone has caused widespread flash flooding and power outages, including in the country&rsquo;s capital of Suva. &nbsp;Entire outer island communities with weaker infrastructure have been completely destroyed and vulnerable to food and water scarcity and disease.</span></p>\r\n</div>\r\n<div class=\"paragraph\" style=\"box-sizing: border-box; color: #222324; font-family: Lato; font-size: 16px;\"><span style=\"box-sizing: border-box; font-size: 14pt;\">TC Winston devastated many sources of local livelihood especially in agricultural communities whose main source of income is farming. &nbsp;The outcome has forced many families to be homeless and dependent on relief goods and services. &nbsp;Tens of thousands of people have been forced from their homes and living in evacuation centers.</span></div>\r\n<div class=\"paragraph\" style=\"box-sizing: border-box; color: #222324; font-family: Lato; font-size: 16px;\"><span style=\"box-sizing: border-box; font-size: 14pt;\">&nbsp;</span></div>\r\n<div class=\"paragraph\" style=\"box-sizing: border-box; color: #222324; font-family: Lato; font-size: 16px;\"><span style=\"box-sizing: border-box; font-size: 14pt;\">&bull; The estimated recovery time is expected between 18 and 24 months</span><br style=\"box-sizing: border-box;\" /><span style=\"box-sizing: border-box; font-size: 14pt;\">&bull; Power won&rsquo;t be fully restored until August 2016</span><br style=\"box-sizing: border-box;\" /><span style=\"box-sizing: border-box; font-size: 14pt;\">&bull; The state of emergency ends 20MAR, however it&rsquo;s expected to be extended for another 1-2 months for some regions</span><br style=\"box-sizing: border-box;\" /><span style=\"box-sizing: border-box; font-size: 14pt;\">&bull; There is a severe lack of timber and seeds at the moment due to the agricultural damage caused by Winston</span><br style=\"box-sizing: border-box;\" /><span style=\"box-sizing: border-box; font-size: 14pt;\">&bull; Homes and businesses won&rsquo;t be touched for many weeks through the North Central regions</span><br style=\"box-sizing: border-box;\" /><span style=\"box-sizing: border-box; font-size: 14pt;\">&bull; The maritime Islands will take an extremely long time to assess as it&rsquo;s costing $20,000FJ per 3-4 day trip out there to assess them &ndash; some of these areas are catastrophically damaged compared to Viti Levu (main island)</span><br style=\"box-sizing: border-box;\" /><span style=\"box-sizing: border-box; font-size: 14pt;\">&bull; Sugar and Rice farming have also significantly suffered</span></div>\r\n<div class=\"paragraph\" style=\"box-sizing: border-box; color: #222324; font-family: Lato; font-size: 16px;\">\r\n<h3 style=\"box-sizing: border-box; font-family: Cabin; line-height: 1.1; color: #363c48; margin-top: 26px; margin-bottom: 13px; font-size: 26px;\"><span style=\"box-sizing: border-box; color: #ff9900;\">Location</span></h3>\r\n<div class=\"paragraph\" style=\"box-sizing: border-box;\"><span style=\"box-sizing: border-box; font-size: medium;\"><strong style=\"box-sizing: border-box;\">&nbsp;<span style=\"box-sizing: border-box; font-size: 14pt;\">Ovalau Island</span></strong><br style=\"box-sizing: border-box;\" /><span style=\"box-sizing: border-box; font-size: 14pt;\">You&rsquo;ll be working in Suva as well as coastal townships on the island of Ovalau (off the cost of Suva) which are some of the hardest hit regions in Fiji. &nbsp;Some towns have been completely destroyed. &nbsp;We&rsquo;re talking not a single house spared from disaster. &nbsp; The needs are so many at this time it&rsquo;s difficult to put into words. &nbsp;Here you are able to make a real difference regardless&nbsp;of your age, experience or background. &nbsp;</span></span></div>\r\n</div>\r\n<div class=\"paragraph\" style=\"box-sizing: border-box; color: #222324; font-family: Lato; font-size: 16px;\">\r\n<h3 style=\"box-sizing: border-box; font-family: Cabin; line-height: 1.1; color: #363c48; margin-top: 26px; margin-bottom: 13px; font-size: 26px;\"><span style=\"box-sizing: border-box; color: #ff9900;\">Project Tasks</span></h3>\r\n</div>\r\n<p>&nbsp;</p>\r\n<div class=\"paragraph\" style=\"box-sizing: border-box; color: #222324; font-family: Lato; font-size: 16px; font-style: normal; font-variant-ligatures: normal; font-variant-caps: normal; font-weight: normal; letter-spacing: normal; orphans: 2; text-align: start; text-indent: 0px; text-transform: none; white-space: normal; widows: 2; word-spacing: 0px; -webkit-text-stroke-width: 0px; background-color: #ffffff;\">\r\n<p style=\"box-sizing: border-box; margin: 0px 0px 20.8px;\"><span style=\"box-sizing: border-box; font-size: 14pt;\">The following is a list of volunteer projects available</span></p>\r\n&nbsp;\r\n<ul style=\"box-sizing: border-box; margin-top: 0px; margin-bottom: 13px;\">\r\n<li style=\"box-sizing: border-box;\"><span style=\"box-sizing: border-box; font-size: 14pt;\"><span style=\"box-sizing: border-box; color: #5040ae;\"><strong style=\"box-sizing: border-box; font-weight: bold;\">Emergency Assistance &amp; Aid Materials</strong></span></span></li>\r\n</ul>\r\n<p style=\"box-sizing: border-box; margin: 0px 0px 20.8px;\"><span style=\"box-sizing: border-box; font-size: 14pt;\">We&rsquo;ll have you placed within government and privately affiliated disaster recovery agencies equipped to deal with the devastated communities providing emergency aid, clean-up services, medical care and support. &nbsp; Work along side local specialist aid agencies. &nbsp; &nbsp;We also request all incoming volunteers to&nbsp;carry whatever possible aid and relief material&nbsp;they are able to in the form of water, food,&nbsp;clothing, first aid, medicine, and much more.</span></p>\r\n<ul style=\"box-sizing: border-box; margin-top: 0px; margin-bottom: 13px;\">\r\n<li style=\"box-sizing: border-box;\"><span style=\"box-sizing: border-box; font-size: 14pt;\"><span style=\"box-sizing: border-box; color: #5040ae;\"><strong style=\"box-sizing: border-box; font-weight: bold;\">Clean-up &amp; Rebuilding</strong></span></span></li>\r\n</ul>\r\n<p style=\"box-sizing: border-box; margin: 0px 0px 20.8px;\"><span style=\"box-sizing: border-box; font-size: 14pt;\">Work along side local tradesman and help rebuild homes and damaged community buildings. &nbsp;&nbsp;No specialist skills required, however tradespeople of all types (carpentry, plumbing, building, laborers, electricians etc) are in high demand.&nbsp;Several thousand people are&nbsp;homeless and there is also immense damage to&nbsp;public buildings, churches and homes. &nbsp; We&nbsp;need volunteers to help with&nbsp;rebuilding efforts, building makeshift&nbsp;accommodation and clearing of debris.</span></p>\r\n<ul style=\"box-sizing: border-box; margin-top: 0px; margin-bottom: 13px;\">\r\n<li style=\"box-sizing: border-box;\"><span style=\"box-sizing: border-box; font-size: 14pt;\"><span style=\"box-sizing: border-box; color: #5040ae;\"><strong style=\"box-sizing: border-box; font-weight: bold;\">Healthcare and Medical</strong></span></span></li>\r\n</ul>\r\n<p style=\"box-sizing: border-box; margin: 0px 0px 20.8px;\"><span style=\"box-sizing: border-box; font-size: 14pt;\">There is a great need of medical volunteers in&nbsp;the form of doctors and nurses to administer&nbsp;basic first aid and treat people who have&nbsp;suffered trauma and injury. We also need&nbsp;medical volunteers to travel to rural areas and&nbsp;project locations to treat people in need.</span></p>\r\n<ul style=\"box-sizing: border-box; margin-top: 0px; margin-bottom: 13px;\">\r\n<li style=\"box-sizing: border-box;\"><span style=\"box-sizing: border-box; font-size: 14pt;\"><span style=\"box-sizing: border-box; color: #5040ae;\"><strong style=\"box-sizing: border-box; font-weight: bold;\">Childcare &amp; Support</strong></span></span></li>\r\n</ul>\r\n<p style=\"box-sizing: border-box; margin: 0px 0px 20.8px;\"><span style=\"box-sizing: border-box; font-size: 14pt;\">The children at the projects we work with and&nbsp;others around the island who have been&nbsp;through this terrible ordeal would have&nbsp;suffered a great deal of trauma and loss.</span></p>\r\n</div>','Assisting teacher','Nadi, Fiji','Homestay','All meals',8,113,'2018-03-19',0,1),(16,3,'Orphanage helper','Sesame snaps fruitcake dragée lemon drops jelly-o lemon drops I love pastry croissant. Croissant caramels sugar plum caramels jelly-o. Cookie I love dragée apple pie liquorice','<h3 style=\"box-sizing: border-box; font-family: Cabin; line-height: 1.1; color: #363c48; margin-top: 26px; margin-bottom: 13px; font-size: 26px;\"><span style=\"box-sizing: border-box; color: #ff9900;\">Overview</span></h3>\r\n<div class=\"paragraph\" style=\"box-sizing: border-box; color: #222324; font-family: Lato; font-size: 16px;\">\r\n<p style=\"box-sizing: border-box; margin: 0px 0px 20.8px;\"><span style=\"box-sizing: border-box; font-size: 14pt;\">On February 21, 2016 the largest cyclone ever recorded in the southern hemisphere tore through the Fijian islands, straight over the main island of Viti Levu with 650,000 population.</span></p>\r\n<p style=\"box-sizing: border-box; margin: 0px 0px 20.8px;\"><span style=\"box-sizing: border-box; font-size: 14pt;\">Cyclone Winston, &nbsp;with wind gusts of 325kmh and waves up to 12m high left scenes of destruction with peoples homes and livelihoods devastated in the wake of the storm.</span></p>\r\n<p style=\"box-sizing: border-box; margin: 0px 0px 20.8px;\"><span style=\"box-sizing: border-box; font-size: 14pt;\">The cyclone has caused widespread flash flooding and power outages, including in the country&rsquo;s capital of Suva. &nbsp;Entire outer island communities with weaker infrastructure have been completely destroyed and vulnerable to food and water scarcity and disease.</span></p>\r\n</div>\r\n<div class=\"paragraph\" style=\"box-sizing: border-box; color: #222324; font-family: Lato; font-size: 16px;\"><span style=\"box-sizing: border-box; font-size: 14pt;\">TC Winston devastated many sources of local livelihood especially in agricultural communities whose main source of income is farming. &nbsp;The outcome has forced many families to be homeless and dependent on relief goods and services. &nbsp;Tens of thousands of people have been forced from their homes and living in evacuation centers.</span></div>\r\n<div class=\"paragraph\" style=\"box-sizing: border-box; color: #222324; font-family: Lato; font-size: 16px;\"><span style=\"box-sizing: border-box; font-size: 14pt;\">&nbsp;</span></div>\r\n<div class=\"paragraph\" style=\"box-sizing: border-box; color: #222324; font-family: Lato; font-size: 16px;\"><span style=\"box-sizing: border-box; font-size: 14pt;\">&bull; The estimated recovery time is expected between 18 and 24 months</span><br style=\"box-sizing: border-box;\" /><span style=\"box-sizing: border-box; font-size: 14pt;\">&bull; Power won&rsquo;t be fully restored until August 2016</span><br style=\"box-sizing: border-box;\" /><span style=\"box-sizing: border-box; font-size: 14pt;\">&bull; The state of emergency ends 20MAR, however it&rsquo;s expected to be extended for another 1-2 months for some regions</span><br style=\"box-sizing: border-box;\" /><span style=\"box-sizing: border-box; font-size: 14pt;\">&bull; There is a severe lack of timber and seeds at the moment due to the agricultural damage caused by Winston</span><br style=\"box-sizing: border-box;\" /><span style=\"box-sizing: border-box; font-size: 14pt;\">&bull; Homes and businesses won&rsquo;t be touched for many weeks through the North Central regions</span><br style=\"box-sizing: border-box;\" /><span style=\"box-sizing: border-box; font-size: 14pt;\">&bull; The maritime Islands will take an extremely long time to assess as it&rsquo;s costing $20,000FJ per 3-4 day trip out there to assess them &ndash; some of these areas are catastrophically damaged compared to Viti Levu (main island)</span><br style=\"box-sizing: border-box;\" /><span style=\"box-sizing: border-box; font-size: 14pt;\">&bull; Sugar and Rice farming have also significantly suffered</span></div>\r\n<div class=\"paragraph\" style=\"box-sizing: border-box; color: #222324; font-family: Lato; font-size: 16px;\">\r\n<h3 style=\"box-sizing: border-box; font-family: Cabin; line-height: 1.1; color: #363c48; margin-top: 26px; margin-bottom: 13px; font-size: 26px;\"><span style=\"box-sizing: border-box; color: #ff9900;\">Location</span></h3>\r\n<div class=\"paragraph\" style=\"box-sizing: border-box;\"><span style=\"box-sizing: border-box; font-size: medium;\"><strong style=\"box-sizing: border-box;\">&nbsp;<span style=\"box-sizing: border-box; font-size: 14pt;\">Ovalau Island</span></strong><br style=\"box-sizing: border-box;\" /><span style=\"box-sizing: border-box; font-size: 14pt;\">You&rsquo;ll be working in Suva as well as coastal townships on the island of Ovalau (off the cost of Suva) which are some of the hardest hit regions in Fiji. &nbsp;Some towns have been completely destroyed. &nbsp;We&rsquo;re talking not a single house spared from disaster. &nbsp; The needs are so many at this time it&rsquo;s difficult to put into words. &nbsp;Here you are able to make a real difference regardless&nbsp;of your age, experience or background. &nbsp;</span></span></div>\r\n</div>\r\n<div class=\"paragraph\" style=\"box-sizing: border-box; color: #222324; font-family: Lato; font-size: 16px;\">\r\n<h3 style=\"box-sizing: border-box; font-family: Cabin; line-height: 1.1; color: #363c48; margin-top: 26px; margin-bottom: 13px; font-size: 26px;\"><span style=\"box-sizing: border-box; color: #ff9900;\">Project Tasks</span></h3>\r\n</div>\r\n<p>&nbsp;</p>\r\n<div class=\"paragraph\" style=\"box-sizing: border-box; color: #222324; font-family: Lato; font-size: 16px; font-style: normal; font-variant-ligatures: normal; font-variant-caps: normal; font-weight: normal; letter-spacing: normal; orphans: 2; text-align: start; text-indent: 0px; text-transform: none; white-space: normal; widows: 2; word-spacing: 0px; -webkit-text-stroke-width: 0px; background-color: #ffffff;\">\r\n<p style=\"box-sizing: border-box; margin: 0px 0px 20.8px;\"><span style=\"box-sizing: border-box; font-size: 14pt;\">The following is a list of volunteer projects available</span></p>\r\n&nbsp;\r\n<ul style=\"box-sizing: border-box; margin-top: 0px; margin-bottom: 13px;\">\r\n<li style=\"box-sizing: border-box;\"><span style=\"box-sizing: border-box; font-size: 14pt;\"><span style=\"box-sizing: border-box; color: #5040ae;\"><strong style=\"box-sizing: border-box; font-weight: bold;\">Emergency Assistance &amp; Aid Materials</strong></span></span></li>\r\n</ul>\r\n<p style=\"box-sizing: border-box; margin: 0px 0px 20.8px;\"><span style=\"box-sizing: border-box; font-size: 14pt;\">We&rsquo;ll have you placed within government and privately affiliated disaster recovery agencies equipped to deal with the devastated communities providing emergency aid, clean-up services, medical care and support. &nbsp; Work along side local specialist aid agencies. &nbsp; &nbsp;We also request all incoming volunteers to&nbsp;carry whatever possible aid and relief material&nbsp;they are able to in the form of water, food,&nbsp;clothing, first aid, medicine, and much more.</span></p>\r\n<ul style=\"box-sizing: border-box; margin-top: 0px; margin-bottom: 13px;\">\r\n<li style=\"box-sizing: border-box;\"><span style=\"box-sizing: border-box; font-size: 14pt;\"><span style=\"box-sizing: border-box; color: #5040ae;\"><strong style=\"box-sizing: border-box; font-weight: bold;\">Clean-up &amp; Rebuilding</strong></span></span></li>\r\n</ul>\r\n<p style=\"box-sizing: border-box; margin: 0px 0px 20.8px;\"><span style=\"box-sizing: border-box; font-size: 14pt;\">Work along side local tradesman and help rebuild homes and damaged community buildings. &nbsp;&nbsp;No specialist skills required, however tradespeople of all types (carpentry, plumbing, building, laborers, electricians etc) are in high demand.&nbsp;Several thousand people are&nbsp;homeless and there is also immense damage to&nbsp;public buildings, churches and homes. &nbsp; We&nbsp;need volunteers to help with&nbsp;rebuilding efforts, building makeshift&nbsp;accommodation and clearing of debris.</span></p>\r\n<ul style=\"box-sizing: border-box; margin-top: 0px; margin-bottom: 13px;\">\r\n<li style=\"box-sizing: border-box;\"><span style=\"box-sizing: border-box; font-size: 14pt;\"><span style=\"box-sizing: border-box; color: #5040ae;\"><strong style=\"box-sizing: border-box; font-weight: bold;\">Healthcare and Medical</strong></span></span></li>\r\n</ul>\r\n<p style=\"box-sizing: border-box; margin: 0px 0px 20.8px;\"><span style=\"box-sizing: border-box; font-size: 14pt;\">There is a great need of medical volunteers in&nbsp;the form of doctors and nurses to administer&nbsp;basic first aid and treat people who have&nbsp;suffered trauma and injury. We also need&nbsp;medical volunteers to travel to rural areas and&nbsp;project locations to treat people in need.</span></p>\r\n<ul style=\"box-sizing: border-box; margin-top: 0px; margin-bottom: 13px;\">\r\n<li style=\"box-sizing: border-box;\"><span style=\"box-sizing: border-box; font-size: 14pt;\"><span style=\"box-sizing: border-box; color: #5040ae;\"><strong style=\"box-sizing: border-box; font-weight: bold;\">Childcare &amp; Support</strong></span></span></li>\r\n</ul>\r\n<p style=\"box-sizing: border-box; margin: 0px 0px 20.8px;\"><span style=\"box-sizing: border-box; font-size: 14pt;\">The children at the projects we work with and&nbsp;others around the island who have been&nbsp;through this terrible ordeal would have&nbsp;suffered a great deal of trauma and loss.</span></p>\r\n</div>','Caretaker of orphanange','Suva, Fiji','Hotel','Breakfast',11,178,'2017-07-18',0,1),(17,9,'Medical awareness maker','Apple pie chupa chups jelly-o muffin apple pie chupa chups tart powder. Croissant chupa chups caramels I love lollipop chupa chups biscuit. I love sweet toffee marzipan cake macaroon jelly tiramisu candy canes.','<h3 style=\"box-sizing: border-box; font-family: Cabin; line-height: 1.1; color: #363c48; margin-top: 26px; margin-bottom: 13px; font-size: 26px;\"><span style=\"box-sizing: border-box; color: #ff9900;\">Overview</span></h3>\r\n<div class=\"paragraph\" style=\"box-sizing: border-box; color: #222324; font-family: Lato; font-size: 16px;\">\r\n<p style=\"box-sizing: border-box; margin: 0px 0px 20.8px;\"><span style=\"box-sizing: border-box; font-size: 14pt;\">On February 21, 2016 the largest cyclone ever recorded in the southern hemisphere tore through the Fijian islands, straight over the main island of Viti Levu with 650,000 population.</span></p>\r\n<p style=\"box-sizing: border-box; margin: 0px 0px 20.8px;\"><span style=\"box-sizing: border-box; font-size: 14pt;\">Cyclone Winston, &nbsp;with wind gusts of 325kmh and waves up to 12m high left scenes of destruction with peoples homes and livelihoods devastated in the wake of the storm.</span></p>\r\n<p style=\"box-sizing: border-box; margin: 0px 0px 20.8px;\"><span style=\"box-sizing: border-box; font-size: 14pt;\">The cyclone has caused widespread flash flooding and power outages, including in the country&rsquo;s capital of Suva. &nbsp;Entire outer island communities with weaker infrastructure have been completely destroyed and vulnerable to food and water scarcity and disease.</span></p>\r\n</div>\r\n<div class=\"paragraph\" style=\"box-sizing: border-box; color: #222324; font-family: Lato; font-size: 16px;\"><span style=\"box-sizing: border-box; font-size: 14pt;\">TC Winston devastated many sources of local livelihood especially in agricultural communities whose main source of income is farming. &nbsp;The outcome has forced many families to be homeless and dependent on relief goods and services. &nbsp;Tens of thousands of people have been forced from their homes and living in evacuation centers.</span></div>\r\n<div class=\"paragraph\" style=\"box-sizing: border-box; color: #222324; font-family: Lato; font-size: 16px;\"><span style=\"box-sizing: border-box; font-size: 14pt;\">&nbsp;</span></div>\r\n<div class=\"paragraph\" style=\"box-sizing: border-box; color: #222324; font-family: Lato; font-size: 16px;\"><span style=\"box-sizing: border-box; font-size: 14pt;\">&bull; The estimated recovery time is expected between 18 and 24 months</span><br style=\"box-sizing: border-box;\" /><span style=\"box-sizing: border-box; font-size: 14pt;\">&bull; Power won&rsquo;t be fully restored until August 2016</span><br style=\"box-sizing: border-box;\" /><span style=\"box-sizing: border-box; font-size: 14pt;\">&bull; The state of emergency ends 20MAR, however it&rsquo;s expected to be extended for another 1-2 months for some regions</span><br style=\"box-sizing: border-box;\" /><span style=\"box-sizing: border-box; font-size: 14pt;\">&bull; There is a severe lack of timber and seeds at the moment due to the agricultural damage caused by Winston</span><br style=\"box-sizing: border-box;\" /><span style=\"box-sizing: border-box; font-size: 14pt;\">&bull; Homes and businesses won&rsquo;t be touched for many weeks through the North Central regions</span><br style=\"box-sizing: border-box;\" /><span style=\"box-sizing: border-box; font-size: 14pt;\">&bull; The maritime Islands will take an extremely long time to assess as it&rsquo;s costing $20,000FJ per 3-4 day trip out there to assess them &ndash; some of these areas are catastrophically damaged compared to Viti Levu (main island)</span><br style=\"box-sizing: border-box;\" /><span style=\"box-sizing: border-box; font-size: 14pt;\">&bull; Sugar and Rice farming have also significantly suffered</span></div>\r\n<div class=\"paragraph\" style=\"box-sizing: border-box; color: #222324; font-family: Lato; font-size: 16px;\">\r\n<h3 style=\"box-sizing: border-box; font-family: Cabin; line-height: 1.1; color: #363c48; margin-top: 26px; margin-bottom: 13px; font-size: 26px;\"><span style=\"box-sizing: border-box; color: #ff9900;\">Location</span></h3>\r\n<div class=\"paragraph\" style=\"box-sizing: border-box;\"><span style=\"box-sizing: border-box; font-size: medium;\"><strong style=\"box-sizing: border-box;\">&nbsp;<span style=\"box-sizing: border-box; font-size: 14pt;\">Ovalau Island</span></strong><br style=\"box-sizing: border-box;\" /><span style=\"box-sizing: border-box; font-size: 14pt;\">You&rsquo;ll be working in Suva as well as coastal townships on the island of Ovalau (off the cost of Suva) which are some of the hardest hit regions in Fiji. &nbsp;Some towns have been completely destroyed. &nbsp;We&rsquo;re talking not a single house spared from disaster. &nbsp; The needs are so many at this time it&rsquo;s difficult to put into words. &nbsp;Here you are able to make a real difference regardless&nbsp;of your age, experience or background. &nbsp;</span></span></div>\r\n</div>\r\n<div class=\"paragraph\" style=\"box-sizing: border-box; color: #222324; font-family: Lato; font-size: 16px;\">\r\n<h3 style=\"box-sizing: border-box; font-family: Cabin; line-height: 1.1; color: #363c48; margin-top: 26px; margin-bottom: 13px; font-size: 26px;\"><span style=\"box-sizing: border-box; color: #ff9900;\">Project Tasks</span></h3>\r\n</div>\r\n<p>&nbsp;</p>\r\n<div class=\"paragraph\" style=\"box-sizing: border-box; color: #222324; font-family: Lato; font-size: 16px; font-style: normal; font-variant-ligatures: normal; font-variant-caps: normal; font-weight: normal; letter-spacing: normal; orphans: 2; text-align: start; text-indent: 0px; text-transform: none; white-space: normal; widows: 2; word-spacing: 0px; -webkit-text-stroke-width: 0px; background-color: #ffffff;\">\r\n<p style=\"box-sizing: border-box; margin: 0px 0px 20.8px;\"><span style=\"box-sizing: border-box; font-size: 14pt;\">The following is a list of volunteer projects available</span></p>\r\n&nbsp;\r\n<ul style=\"box-sizing: border-box; margin-top: 0px; margin-bottom: 13px;\">\r\n<li style=\"box-sizing: border-box;\"><span style=\"box-sizing: border-box; font-size: 14pt;\"><span style=\"box-sizing: border-box; color: #5040ae;\"><strong style=\"box-sizing: border-box; font-weight: bold;\">Emergency Assistance &amp; Aid Materials</strong></span></span></li>\r\n</ul>\r\n<p style=\"box-sizing: border-box; margin: 0px 0px 20.8px;\"><span style=\"box-sizing: border-box; font-size: 14pt;\">We&rsquo;ll have you placed within government and privately affiliated disaster recovery agencies equipped to deal with the devastated communities providing emergency aid, clean-up services, medical care and support. &nbsp; Work along side local specialist aid agencies. &nbsp; &nbsp;We also request all incoming volunteers to&nbsp;carry whatever possible aid and relief material&nbsp;they are able to in the form of water, food,&nbsp;clothing, first aid, medicine, and much more.</span></p>\r\n<ul style=\"box-sizing: border-box; margin-top: 0px; margin-bottom: 13px;\">\r\n<li style=\"box-sizing: border-box;\"><span style=\"box-sizing: border-box; font-size: 14pt;\"><span style=\"box-sizing: border-box; color: #5040ae;\"><strong style=\"box-sizing: border-box; font-weight: bold;\">Clean-up &amp; Rebuilding</strong></span></span></li>\r\n</ul>\r\n<p style=\"box-sizing: border-box; margin: 0px 0px 20.8px;\"><span style=\"box-sizing: border-box; font-size: 14pt;\">Work along side local tradesman and help rebuild homes and damaged community buildings. &nbsp;&nbsp;No specialist skills required, however tradespeople of all types (carpentry, plumbing, building, laborers, electricians etc) are in high demand.&nbsp;Several thousand people are&nbsp;homeless and there is also immense damage to&nbsp;public buildings, churches and homes. &nbsp; We&nbsp;need volunteers to help with&nbsp;rebuilding efforts, building makeshift&nbsp;accommodation and clearing of debris.</span></p>\r\n<ul style=\"box-sizing: border-box; margin-top: 0px; margin-bottom: 13px;\">\r\n<li style=\"box-sizing: border-box;\"><span style=\"box-sizing: border-box; font-size: 14pt;\"><span style=\"box-sizing: border-box; color: #5040ae;\"><strong style=\"box-sizing: border-box; font-weight: bold;\">Healthcare and Medical</strong></span></span></li>\r\n</ul>\r\n<p style=\"box-sizing: border-box; margin: 0px 0px 20.8px;\"><span style=\"box-sizing: border-box; font-size: 14pt;\">There is a great need of medical volunteers in&nbsp;the form of doctors and nurses to administer&nbsp;basic first aid and treat people who have&nbsp;suffered trauma and injury. We also need&nbsp;medical volunteers to travel to rural areas and&nbsp;project locations to treat people in need.</span></p>\r\n<ul style=\"box-sizing: border-box; margin-top: 0px; margin-bottom: 13px;\">\r\n<li style=\"box-sizing: border-box;\"><span style=\"box-sizing: border-box; font-size: 14pt;\"><span style=\"box-sizing: border-box; color: #5040ae;\"><strong style=\"box-sizing: border-box; font-weight: bold;\">Childcare &amp; Support</strong></span></span></li>\r\n</ul>\r\n<p style=\"box-sizing: border-box; margin: 0px 0px 20.8px;\"><span style=\"box-sizing: border-box; font-size: 14pt;\">The children at the projects we work with and&nbsp;others around the island who have been&nbsp;through this terrible ordeal would have&nbsp;suffered a great deal of trauma and loss.</span></p>\r\n</div>','Helping locals to be aware of their health','Nadi, Fiji','Homestay','All meals',10,122,NULL,1,1),(18,8,'Rerum sequi.','Nemo excepturi et eos vero. Quia ut adipisci rerum molestiae cum et facere fugiat.','<h3 style=\"box-sizing: border-box; font-family: Cabin; line-height: 1.1; color: #363c48; margin-top: 26px; margin-bottom: 13px; font-size: 26px;\"><span style=\"box-sizing: border-box; color: #ff9900;\">Overview</span></h3>\r\n<div class=\"paragraph\" style=\"box-sizing: border-box; color: #222324; font-family: Lato; font-size: 16px;\">\r\n<p style=\"box-sizing: border-box; margin: 0px 0px 20.8px;\"><span style=\"box-sizing: border-box; font-size: 14pt;\">On February 21, 2016 the largest cyclone ever recorded in the southern hemisphere tore through the Fijian islands, straight over the main island of Viti Levu with 650,000 population.</span></p>\r\n<p style=\"box-sizing: border-box; margin: 0px 0px 20.8px;\"><span style=\"box-sizing: border-box; font-size: 14pt;\">Cyclone Winston, &nbsp;with wind gusts of 325kmh and waves up to 12m high left scenes of destruction with peoples homes and livelihoods devastated in the wake of the storm.</span></p>\r\n<p style=\"box-sizing: border-box; margin: 0px 0px 20.8px;\"><span style=\"box-sizing: border-box; font-size: 14pt;\">The cyclone has caused widespread flash flooding and power outages, including in the country&rsquo;s capital of Suva. &nbsp;Entire outer island communities with weaker infrastructure have been completely destroyed and vulnerable to food and water scarcity and disease.</span></p>\r\n</div>\r\n<div class=\"paragraph\" style=\"box-sizing: border-box; color: #222324; font-family: Lato; font-size: 16px;\"><span style=\"box-sizing: border-box; font-size: 14pt;\">TC Winston devastated many sources of local livelihood especially in agricultural communities whose main source of income is farming. &nbsp;The outcome has forced many families to be homeless and dependent on relief goods and services. &nbsp;Tens of thousands of people have been forced from their homes and living in evacuation centers.</span></div>\r\n<div class=\"paragraph\" style=\"box-sizing: border-box; color: #222324; font-family: Lato; font-size: 16px;\"><span style=\"box-sizing: border-box; font-size: 14pt;\">&nbsp;</span></div>\r\n<div class=\"paragraph\" style=\"box-sizing: border-box; color: #222324; font-family: Lato; font-size: 16px;\"><span style=\"box-sizing: border-box; font-size: 14pt;\">&bull; The estimated recovery time is expected between 18 and 24 months</span><br style=\"box-sizing: border-box;\" /><span style=\"box-sizing: border-box; font-size: 14pt;\">&bull; Power won&rsquo;t be fully restored until August 2016</span><br style=\"box-sizing: border-box;\" /><span style=\"box-sizing: border-box; font-size: 14pt;\">&bull; The state of emergency ends 20MAR, however it&rsquo;s expected to be extended for another 1-2 months for some regions</span><br style=\"box-sizing: border-box;\" /><span style=\"box-sizing: border-box; font-size: 14pt;\">&bull; There is a severe lack of timber and seeds at the moment due to the agricultural damage caused by Winston</span><br style=\"box-sizing: border-box;\" /><span style=\"box-sizing: border-box; font-size: 14pt;\">&bull; Homes and businesses won&rsquo;t be touched for many weeks through the North Central regions</span><br style=\"box-sizing: border-box;\" /><span style=\"box-sizing: border-box; font-size: 14pt;\">&bull; The maritime Islands will take an extremely long time to assess as it&rsquo;s costing $20,000FJ per 3-4 day trip out there to assess them &ndash; some of these areas are catastrophically damaged compared to Viti Levu (main island)</span><br style=\"box-sizing: border-box;\" /><span style=\"box-sizing: border-box; font-size: 14pt;\">&bull; Sugar and Rice farming have also significantly suffered</span></div>\r\n<div class=\"paragraph\" style=\"box-sizing: border-box; color: #222324; font-family: Lato; font-size: 16px;\">\r\n<h3 style=\"box-sizing: border-box; font-family: Cabin; line-height: 1.1; color: #363c48; margin-top: 26px; margin-bottom: 13px; font-size: 26px;\"><span style=\"box-sizing: border-box; color: #ff9900;\">Location</span></h3>\r\n<div class=\"paragraph\" style=\"box-sizing: border-box;\"><span style=\"box-sizing: border-box; font-size: medium;\"><strong style=\"box-sizing: border-box;\">&nbsp;<span style=\"box-sizing: border-box; font-size: 14pt;\">Ovalau Island</span></strong><br style=\"box-sizing: border-box;\" /><span style=\"box-sizing: border-box; font-size: 14pt;\">You&rsquo;ll be working in Suva as well as coastal townships on the island of Ovalau (off the cost of Suva) which are some of the hardest hit regions in Fiji. &nbsp;Some towns have been completely destroyed. &nbsp;We&rsquo;re talking not a single house spared from disaster. &nbsp; The needs are so many at this time it&rsquo;s difficult to put into words. &nbsp;Here you are able to make a real difference regardless&nbsp;of your age, experience or background. &nbsp;</span></span></div>\r\n</div>\r\n<div class=\"paragraph\" style=\"box-sizing: border-box; color: #222324; font-family: Lato; font-size: 16px;\">\r\n<h3 style=\"box-sizing: border-box; font-family: Cabin; line-height: 1.1; color: #363c48; margin-top: 26px; margin-bottom: 13px; font-size: 26px;\"><span style=\"box-sizing: border-box; color: #ff9900;\">Project Tasks</span></h3>\r\n</div>\r\n<p>&nbsp;</p>\r\n<div class=\"paragraph\" style=\"box-sizing: border-box; color: #222324; font-family: Lato; font-size: 16px; font-style: normal; font-variant-ligatures: normal; font-variant-caps: normal; font-weight: normal; letter-spacing: normal; orphans: 2; text-align: start; text-indent: 0px; text-transform: none; white-space: normal; widows: 2; word-spacing: 0px; -webkit-text-stroke-width: 0px; background-color: #ffffff;\">\r\n<p style=\"box-sizing: border-box; margin: 0px 0px 20.8px;\"><span style=\"box-sizing: border-box; font-size: 14pt;\">The following is a list of volunteer projects available</span></p>\r\n&nbsp;\r\n<ul style=\"box-sizing: border-box; margin-top: 0px; margin-bottom: 13px;\">\r\n<li style=\"box-sizing: border-box;\"><span style=\"box-sizing: border-box; font-size: 14pt;\"><span style=\"box-sizing: border-box; color: #5040ae;\"><strong style=\"box-sizing: border-box; font-weight: bold;\">Emergency Assistance &amp; Aid Materials</strong></span></span></li>\r\n</ul>\r\n<p style=\"box-sizing: border-box; margin: 0px 0px 20.8px;\"><span style=\"box-sizing: border-box; font-size: 14pt;\">We&rsquo;ll have you placed within government and privately affiliated disaster recovery agencies equipped to deal with the devastated communities providing emergency aid, clean-up services, medical care and support. &nbsp; Work along side local specialist aid agencies. &nbsp; &nbsp;We also request all incoming volunteers to&nbsp;carry whatever possible aid and relief material&nbsp;they are able to in the form of water, food,&nbsp;clothing, first aid, medicine, and much more.</span></p>\r\n<ul style=\"box-sizing: border-box; margin-top: 0px; margin-bottom: 13px;\">\r\n<li style=\"box-sizing: border-box;\"><span style=\"box-sizing: border-box; font-size: 14pt;\"><span style=\"box-sizing: border-box; color: #5040ae;\"><strong style=\"box-sizing: border-box; font-weight: bold;\">Clean-up &amp; Rebuilding</strong></span></span></li>\r\n</ul>\r\n<p style=\"box-sizing: border-box; margin: 0px 0px 20.8px;\"><span style=\"box-sizing: border-box; font-size: 14pt;\">Work along side local tradesman and help rebuild homes and damaged community buildings. &nbsp;&nbsp;No specialist skills required, however tradespeople of all types (carpentry, plumbing, building, laborers, electricians etc) are in high demand.&nbsp;Several thousand people are&nbsp;homeless and there is also immense damage to&nbsp;public buildings, churches and homes. &nbsp; We&nbsp;need volunteers to help with&nbsp;rebuilding efforts, building makeshift&nbsp;accommodation and clearing of debris.</span></p>\r\n<ul style=\"box-sizing: border-box; margin-top: 0px; margin-bottom: 13px;\">\r\n<li style=\"box-sizing: border-box;\"><span style=\"box-sizing: border-box; font-size: 14pt;\"><span style=\"box-sizing: border-box; color: #5040ae;\"><strong style=\"box-sizing: border-box; font-weight: bold;\">Healthcare and Medical</strong></span></span></li>\r\n</ul>\r\n<p style=\"box-sizing: border-box; margin: 0px 0px 20.8px;\"><span style=\"box-sizing: border-box; font-size: 14pt;\">There is a great need of medical volunteers in&nbsp;the form of doctors and nurses to administer&nbsp;basic first aid and treat people who have&nbsp;suffered trauma and injury. We also need&nbsp;medical volunteers to travel to rural areas and&nbsp;project locations to treat people in need.</span></p>\r\n<ul style=\"box-sizing: border-box; margin-top: 0px; margin-bottom: 13px;\">\r\n<li style=\"box-sizing: border-box;\"><span style=\"box-sizing: border-box; font-size: 14pt;\"><span style=\"box-sizing: border-box; color: #5040ae;\"><strong style=\"box-sizing: border-box; font-weight: bold;\">Childcare &amp; Support</strong></span></span></li>\r\n</ul>\r\n<p style=\"box-sizing: border-box; margin: 0px 0px 20.8px;\"><span style=\"box-sizing: border-box; font-size: 14pt;\">The children at the projects we work with and&nbsp;others around the island who have been&nbsp;through this terrible ordeal would have&nbsp;suffered a great deal of trauma and loss.</span></p>\r\n</div>','totam','Nadi, Fiji','Homestay','All meals',3,156,NULL,1,0);
/*!40000 ALTER TABLE `program` ENABLE KEYS */;
UNLOCK TABLES;

--
-- Table structure for table `program_media`
--

DROP TABLE IF EXISTS `program_media`;
/*!40101 SET @saved_cs_client     = @@character_set_client */;
/*!40101 SET character_set_client = utf8 */;
CREATE TABLE `program_media` (
  `program_id` int(11) NOT NULL,
  `media_id` int(11) NOT NULL,
  PRIMARY KEY (`program_id`,`media_id`),
  KEY `IDX_F445D2FA3EB8070A` (`program_id`),
  KEY `IDX_F445D2FAEA9FDD75` (`media_id`),
  CONSTRAINT `FK_F445D2FA3EB8070A` FOREIGN KEY (`program_id`) REFERENCES `program` (`id`) ON DELETE CASCADE,
  CONSTRAINT `FK_F445D2FAEA9FDD75` FOREIGN KEY (`media_id`) REFERENCES `media` (`id`) ON DELETE CASCADE
) ENGINE=InnoDB DEFAULT CHARSET=utf8 COLLATE=utf8_unicode_ci;
/*!40101 SET character_set_client = @saved_cs_client */;

--
-- Dumping data for table `program_media`
--

LOCK TABLES `program_media` WRITE;
/*!40000 ALTER TABLE `program_media` DISABLE KEYS */;
INSERT INTO `program_media` VALUES (13,1),(13,2),(13,6),(13,9),(13,10),(13,14),(13,15),(14,3),(14,4),(14,5),(14,6),(14,9),(14,11),(14,14),(15,10),(15,11),(15,12),(15,14),(15,15),(16,3),(16,4),(16,5),(16,6),(16,9),(17,2),(17,5),(17,6),(17,8),(17,10),(17,11),(18,2),(18,5),(18,8),(18,10),(18,15);
/*!40000 ALTER TABLE `program_media` ENABLE KEYS */;
UNLOCK TABLES;

--
-- Table structure for table `program_participants`
--

DROP TABLE IF EXISTS `program_participants`;
/*!40101 SET @saved_cs_client     = @@character_set_client */;
/*!40101 SET character_set_client = utf8 */;
CREATE TABLE `program_participants` (
  `id` int(11) NOT NULL AUTO_INCREMENT,
  `user_id` int(11) NOT NULL,
  `program_id` int(11) NOT NULL,
  `arrival_date` date NOT NULL,
  `duration` int(11) NOT NULL,
  `is_paid` tinyint(1) NOT NULL,
  PRIMARY KEY (`id`),
  KEY `IDX_32CC83B5A76ED395` (`user_id`),
  KEY `IDX_32CC83B53EB8070A` (`program_id`),
  CONSTRAINT `FK_32CC83B53EB8070A` FOREIGN KEY (`program_id`) REFERENCES `program` (`id`),
  CONSTRAINT `FK_32CC83B5A76ED395` FOREIGN KEY (`user_id`) REFERENCES `user` (`id`)
) ENGINE=InnoDB AUTO_INCREMENT=90 DEFAULT CHARSET=utf8 COLLATE=utf8_unicode_ci;
/*!40101 SET character_set_client = @saved_cs_client */;

--
-- Dumping data for table `program_participants`
--

LOCK TABLES `program_participants` WRITE;
/*!40000 ALTER TABLE `program_participants` DISABLE KEYS */;
INSERT INTO `program_participants` VALUES (1,215,17,'2017-06-07',6,0),(2,244,13,'2017-08-19',4,0),(3,257,16,'2017-06-03',4,0),(4,290,15,'2017-02-25',7,0),(5,277,18,'2016-12-25',6,0),(6,246,14,'2017-01-21',10,0),(7,239,15,'2017-07-23',11,0),(8,258,18,'2017-03-06',12,0),(9,225,16,'2016-12-21',8,0),(10,218,18,'2017-01-04',2,0),(11,252,15,'2017-03-06',12,0),(12,249,13,'2017-01-01',7,0),(13,285,17,'2016-12-12',9,0),(14,228,13,'2017-05-24',8,0),(15,233,17,'2017-01-29',2,0),(16,282,16,'2017-01-13',3,0),(17,296,13,'2017-08-01',5,0),(18,256,15,'2017-02-23',9,0),(19,244,15,'2017-01-05',4,0),(20,263,16,'2017-09-10',10,0),(21,283,13,'2017-01-17',5,0),(22,254,17,'2017-02-23',12,0),(23,225,13,'2017-03-19',9,0),(24,266,17,'2017-08-01',8,0),(25,229,16,'2017-08-08',6,0),(26,237,15,'2011-01-01',8,0),(27,211,15,'2017-09-21',2,0),(28,299,14,'2017-04-02',10,0),(29,285,16,'2017-06-09',2,0),(30,280,18,'2017-07-06',6,0),(31,252,15,'2017-02-19',10,0),(32,213,17,'2017-03-21',12,0),(33,295,16,'2017-06-02',11,0),(34,289,16,'2016-12-11',7,0),(35,204,17,'2016-12-12',10,0),(36,264,14,'2017-05-30',9,0),(37,257,18,'2017-07-03',2,0),(38,204,16,'2017-08-21',11,0),(39,281,15,'2017-08-17',4,0),(40,303,18,'2017-02-24',12,0),(41,296,16,'2017-09-26',2,0),(42,226,13,'2017-06-13',5,0),(43,240,13,'2017-10-06',11,0),(44,303,16,'2017-07-31',7,0),(45,209,13,'2017-07-05',3,0),(46,209,14,'2017-08-25',11,0),(47,284,18,'2017-04-23',12,0),(48,254,13,'2017-03-15',5,0),(49,233,14,'2017-09-02',11,0),(50,293,17,'2017-07-27',8,0),(51,227,17,'2017-04-30',4,0),(52,265,13,'2017-04-18',4,0),(53,204,16,'2017-04-20',11,0),(54,223,18,'2017-01-02',5,0),(55,279,18,'2017-10-03',4,0),(56,302,15,'2017-01-23',9,0),(57,240,17,'2017-06-24',12,0),(58,293,17,'2017-09-17',8,0),(59,214,15,'2017-07-14',6,0),(60,229,17,'2017-05-20',9,0),(61,277,13,'2017-01-20',8,0),(62,271,17,'2017-05-07',8,0),(63,302,13,'2017-04-06',4,0),(64,258,18,'2017-02-12',5,0),(65,219,14,'2017-07-16',4,0),(66,270,13,'2017-02-14',4,0),(67,225,15,'2017-05-27',7,0),(68,289,17,'2017-01-11',5,0),(69,232,15,'2017-01-31',12,0),(70,257,13,'2017-08-18',11,0),(71,255,15,'2017-06-19',2,0),(72,210,14,'2017-09-04',2,0),(73,279,13,'2017-07-19',2,0),(74,303,18,'2017-01-17',7,0),(75,271,16,'2017-07-25',3,0),(76,245,18,'2017-05-24',2,0),(77,268,13,'2017-03-15',3,0),(78,299,16,'2016-12-11',11,0),(79,255,15,'2017-09-22',10,0),(80,214,16,'2017-04-22',7,0),(82,305,14,'2017-01-01',8,0),(83,203,16,'2020-01-01',8,0),(84,306,14,'2019-06-10',10,0),(85,306,13,'2017-01-01',4,0),(86,310,15,'2017-06-07',10,0),(87,310,15,'2017-06-07',10,0),(88,310,15,'2017-06-07',10,0),(89,310,15,'2017-06-07',10,0);
/*!40000 ALTER TABLE `program_participants` ENABLE KEYS */;
UNLOCK TABLES;

--
-- Table structure for table `user`
--

DROP TABLE IF EXISTS `user`;
/*!40101 SET @saved_cs_client     = @@character_set_client */;
/*!40101 SET character_set_client = utf8 */;
CREATE TABLE `user` (
  `id` int(11) NOT NULL AUTO_INCREMENT,
  `email` varchar(255) COLLATE utf8_unicode_ci NOT NULL,
  `password` varchar(255) COLLATE utf8_unicode_ci NOT NULL,
  `roles` longtext COLLATE utf8_unicode_ci NOT NULL COMMENT '(DC2Type:json_array)',
  `first_name` varchar(255) COLLATE utf8_unicode_ci NOT NULL,
  `middle_name` varchar(255) COLLATE utf8_unicode_ci DEFAULT NULL,
  `last_name` varchar(255) COLLATE utf8_unicode_ci NOT NULL,
  `date_of_birth` date DEFAULT NULL,
  `sex` tinyint(1) NOT NULL,
  `nationality` varchar(255) COLLATE utf8_unicode_ci NOT NULL,
  `phone` int(11) NOT NULL,
  `address_country` varchar(255) COLLATE utf8_unicode_ci DEFAULT NULL,
  `address_region` varchar(255) COLLATE utf8_unicode_ci DEFAULT NULL,
  `address_zip` varchar(255) COLLATE utf8_unicode_ci DEFAULT NULL,
  `address_city` varchar(255) COLLATE utf8_unicode_ci DEFAULT NULL,
  `address_street` varchar(255) COLLATE utf8_unicode_ci DEFAULT NULL,
  `address_po_box` varchar(255) COLLATE utf8_unicode_ci DEFAULT NULL,
  `address_house_no` varchar(255) COLLATE utf8_unicode_ci DEFAULT NULL,
  `address_co` varchar(255) COLLATE utf8_unicode_ci DEFAULT NULL,
  `edu_level_expected` varchar(255) COLLATE utf8_unicode_ci DEFAULT NULL,
  `edu_current_place` varchar(255) COLLATE utf8_unicode_ci DEFAULT NULL,
  `edu_current_program` varchar(255) COLLATE utf8_unicode_ci DEFAULT NULL,
  `edu_future_place` varchar(255) COLLATE utf8_unicode_ci DEFAULT NULL,
  `edu_future_program` varchar(255) COLLATE utf8_unicode_ci DEFAULT NULL,
  `is_notified` tinyint(1) NOT NULL,
  `is_active` tinyint(1) NOT NULL,
  `passport_file` varchar(255) COLLATE utf8_unicode_ci DEFAULT NULL,
  `plane_out_file` varchar(255) COLLATE utf8_unicode_ci DEFAULT NULL,
  `police_report_file` varchar(255) COLLATE utf8_unicode_ci DEFAULT NULL,
  PRIMARY KEY (`id`),
  UNIQUE KEY `UNIQ_8D93D649E7927C74` (`email`)
) ENGINE=InnoDB AUTO_INCREMENT=311 DEFAULT CHARSET=utf8 COLLATE=utf8_unicode_ci;
/*!40101 SET character_set_client = @saved_cs_client */;

--
-- Dumping data for table `user`
--

LOCK TABLES `user` WRITE;
/*!40000 ALTER TABLE `user` DISABLE KEYS */;
INSERT INTO `user` VALUES (203,'solution@carante.dk','$2y$13$FETr872JKTGoybXAXI3vP.TTw1Xj/q3z8Sw7C9fI.8l4pkp9qNPSW','[\"ROLE_ADMIN\"]','Claus','Kaiser','Paustian','1991-05-02',1,'Danish',21469172,'Denmark','Copenhagen','2860','Søborg','Søborg Hovedgade',NULL,'207',NULL,'Bachelor','KEA','Web Development',NULL,NULL,1,1,NULL,NULL,NULL),(204,'c.kaiser.p+1@gmail.com','$2y$13$7XSODmea8/8d.CbnSOer.eY6dEok1LSphCU0Vke7ZGmE555qgF.G2','[\"ROLE_VOLUNTEER\"]','Monty',NULL,'Watsica','2000-08-09',1,'Panamanian',69335275,'Denmark','New Mexico','5200','Gordonside','Johnson Harbor',NULL,'25245',NULL,'Bachelor','KEA','Web Development',NULL,NULL,1,1,NULL,NULL,NULL),(205,'c.kaiser.p+2@gmail.com','$2y$13$FNGdtXB8gnUmyNNRYB6rmun3UTxOxaP1Y0cIJvr7rd98XP3Rb6Joa','[\"ROLE_VOLUNTEER\"]','Nikki',NULL,'Wolf','1984-08-22',1,'Panamanian',89489222,'10% Sweden : 15% Norway : 13% Germany : Panama','Hawaii','1835','Lake Celiafurt','Larson Trail',NULL,'889',NULL,'Bachelor','KEA','Web Development',NULL,NULL,1,1,NULL,NULL,NULL),(206,'c.kaiser.p+3@gmail.com','$2y$13$ba3dFCaJCpHQwkLuGacYIuVIjirvQXNiqc.9kWztlitItVPCsrriG','[\"ROLE_VOLUNTEER\"]','Waldo',NULL,'Goldner','1975-11-14',1,'Danish',74374403,'10% Sweden : 15% Norway : 13% Germany : Panama','New Hampshire','8172','Port Jaquelin','Marquis Crossing',NULL,'22111',NULL,'Bachelor','KEA','Web Development',NULL,NULL,1,1,NULL,NULL,NULL),(207,'c.kaiser.p+4@gmail.com','$2y$13$kVtcVg6vUOOKlM0O2OHNS.ZQ1cIuSOzmqt61W6Mh73GPcYHYQJHfi','[\"ROLE_VOLUNTEER\"]','Aletha',NULL,'Flatley','1989-06-30',1,'Panamanian',83610614,'Denmark','Vermont','3642','South Annabellside','Augustine Crescent',NULL,'1019',NULL,'Bachelor','KEA','Web Development',NULL,NULL,1,1,NULL,NULL,NULL),(208,'c.kaiser.p+5@gmail.com','$2y$13$JA6VkFjfID00mDpm5/MvouGvfIjolGJYhcGvIuRNtfCvHY0km5Dau','[\"ROLE_VOLUNTEER\"]','Christina',NULL,'Vandervort','1978-09-27',1,'Swedish',66237602,'10% Sweden : 15% Norway : 13% Germany : Panama','Texas','3731','McKenziechester','Kaya Lakes',NULL,'569',NULL,'Bachelor','KEA','Web Development',NULL,NULL,1,1,NULL,NULL,NULL),(209,'c.kaiser.p+6@gmail.com','$2y$13$RlnJ02GaqA5JXu78j2r0tuqmMWPcf06F3EzDLonpT46xw3N2HF1ni','[\"ROLE_VOLUNTEER\"]','Allison',NULL,'Runolfsson','1986-11-07',1,'Germany',97938413,'Austria','Colorado','1947','Port Carroll','Lina Mountains',NULL,'934',NULL,'Bachelor','KEA','Web Development',NULL,NULL,1,1,NULL,NULL,NULL),(210,'c.kaiser.p+7@gmail.com','$2y$13$bcgkO/D/pA/nSPmC3YY5FenwhsBMQYd4IJh6Ih58qwn/WkOdKjn12','[\"ROLE_VOLUNTEER\"]','Karley',NULL,'Flatley','1989-11-28',1,'Panamanian',80628856,'10% Sweden : 15% Norway : 13% Germany : Panama','Idaho','6168','West Naomi','Adelia Prairie',NULL,'1381',NULL,'Bachelor','KEA','Web Development',NULL,NULL,1,1,NULL,NULL,NULL),(211,'c.kaiser.p+8@gmail.com','$2y$13$vLY1X67JKX1Ktq4RDGa02.5JJIPRuEiIq.36ERuVr09xqpFJNBM6O','[\"ROLE_VOLUNTEER\"]','Alvena',NULL,'Bergnaum','1984-04-09',1,'Austrian',53966195,'10% Sweden : 15% Norway : 13% Germany : Panama','Pennsylvania','3083','East Maudshire','Mariano Pass',NULL,'8009',NULL,'Bachelor','KEA','Web Development',NULL,NULL,1,1,NULL,NULL,NULL),(212,'c.kaiser.p+9@gmail.com','$2y$13$uPOXr/I8QMnmGUd9R53aUevKxPlloy/NnOm7TIeyWcUo5nMClhe66','[\"ROLE_VOLUNTEER\"]','Jeanette',NULL,'Bogan','1993-09-17',1,'Norwegian',86909423,'Denmark','Nevada','7684','Port Katherineland','Mary Mountain',NULL,'323',NULL,'Bachelor','KEA','Web Development',NULL,NULL,1,1,NULL,NULL,NULL),(213,'c.kaiser.p+10@gmail.com','$2y$13$sFAgA916p3cvCdov0MjLy.d7wZYd2Qdxo.QecDlLMEmq1h/gzA6Sy','[\"ROLE_VOLUNTEER\"]','Quinton',NULL,'Walker','1972-04-02',1,'Austrian',35621649,'10% Sweden : 15% Norway : 13% Germany : Panama','Alaska','7804','Wolfport','Efren Lodge',NULL,'14494',NULL,'Bachelor','KEA','Web Development',NULL,NULL,1,1,NULL,NULL,NULL),(214,'c.kaiser.p+11@gmail.com','$2y$13$DVbU4grpKWDaT0wZlX2fUu1CUbGzFM6r7yKGtWAnkYnQO19SOswC6','[\"ROLE_VOLUNTEER\"]','Ayana',NULL,'Russel','1979-02-24',1,'Panamanian',50832251,'10% Sweden : 15% Norway : 13% Germany : Panama','South Carolina','6516','Monroeville','Salvatore Forge',NULL,'64278',NULL,'Bachelor','KEA','Web Development',NULL,NULL,1,1,NULL,NULL,NULL),(215,'c.kaiser.p+12@gmail.com','$2y$13$7Qq65hPeDcBTjiFtfqVtK.2NuZ2.d1qTmCM3d3y8fbJE0G8qb8zxa','[\"ROLE_VOLUNTEER\"]','Lesley',NULL,'Welch','1975-05-17',1,'Danish',25687367,'10% Sweden : 15% Norway : 13% Germany : Panama','Georgia','4131','New Alexandramouth','Christiansen Circles',NULL,'403',NULL,'Bachelor','KEA','Web Development',NULL,NULL,1,1,NULL,NULL,NULL),(216,'c.kaiser.p+13@gmail.com','$2y$13$WBtC4g2PRnkNwtU5u8ejbeQET7XVC9UuISwMCT8rFWBer/WieE13m','[\"ROLE_VOLUNTEER\"]','Damian',NULL,'Bins','1993-01-17',1,'Norwegian',54507909,'Austria','West Virginia','7288','Gibsonmouth','Gay Wall',NULL,'210',NULL,'Bachelor','KEA','Web Development',NULL,NULL,1,1,NULL,NULL,NULL),(217,'c.kaiser.p+14@gmail.com','$2y$13$2k3RuL7yukDZA2W3iYtslunVpD/6vTkXPOz.2vjfOohvyCr0vVeQS','[\"ROLE_VOLUNTEER\"]','Finn',NULL,'Weber','1971-12-18',1,'Danish',69381180,'Denmark','New Hampshire','9065','Jacksontown','Loyce Meadow',NULL,'7787',NULL,'Bachelor','KEA','Web Development',NULL,NULL,1,1,NULL,NULL,NULL),(218,'c.kaiser.p+15@gmail.com','$2y$13$QrLlTdjWKfGHlpAbZb9APOQgtXjCtYRCxU.3mes97z/1EPCkV4OHe','[\"ROLE_VOLUNTEER\"]','Jacey',NULL,'Ritchie','1974-09-28',1,'Panamanian',38569089,'Denmark','Idaho','8242','Port Domenicside','Schowalter Viaduct',NULL,'5576',NULL,'Bachelor','KEA','Web Development',NULL,NULL,1,1,NULL,NULL,NULL),(219,'c.kaiser.p+16@gmail.com','$2y$13$drLqjmwKeBp/TzQIn1rHl.NQ4YU/NefigoVlQiyMFd/B9TipzMwdG','[\"ROLE_VOLUNTEER\"]','Lottie',NULL,'Robel','1991-02-09',1,'Panamanian',29192806,'Denmark','Arkansas','3393','North Orville','Allene Keys',NULL,'492',NULL,'Bachelor','KEA','Web Development',NULL,NULL,1,1,NULL,NULL,NULL),(220,'c.kaiser.p+17@gmail.com','$2y$13$zx2dHpYocIhrG41b5riHOewfA3U0MXLH.OQMe/pa9DbEo20ZFShOe','[\"ROLE_ADMIN\"]','Wilson',NULL,'Herman','1973-01-30',1,'Danish',60021496,'Denmark','Maine','9335','Kilbackmouth','VonRueden Islands',NULL,'1396',NULL,'Bachelor','KEA','Web Development',NULL,NULL,1,1,NULL,NULL,NULL),(221,'c.kaiser.p+18@gmail.com','$2y$13$qHho01npLnrByZTrqYy2auBeJd6ikcEciYxqqh53iN9wF1B9yRDLG','[\"ROLE_VOLUNTEER\"]','Macie',NULL,'Strosin','1973-02-16',1,'Panamanian',25936620,'10% Sweden : 15% Norway : 13% Germany : Panama','Kentucky','9030','Lednerfort','Kutch Crescent',NULL,'580',NULL,'Bachelor','KEA','Web Development',NULL,NULL,1,1,NULL,NULL,NULL),(222,'c.kaiser.p+19@gmail.com','$2y$13$CpPXhlyM.ksctEgkBO/jLuHSuv0N6QW0AjikdeUpB8eDhjI.GKc4O','[\"ROLE_VOLUNTEER\"]','Trisha',NULL,'Nitzsche','1983-03-30',1,'Norwegian',92641624,'Denmark','Minnesota','4838','South Celestine','Cassin Meadows',NULL,'759',NULL,'Bachelor','KEA','Web Development',NULL,NULL,1,1,NULL,NULL,NULL),(223,'c.kaiser.p+20@gmail.com','$2y$13$WcZIuS0dVvNtgik/95i4qOwtFv31cPTz8Yusn2.fAGgSb/QZooSfm','[\"ROLE_VOLUNTEER\"]','Guy',NULL,'Emmerich','1987-11-01',1,'Panamanian',36270975,'10% Sweden : 15% Norway : 13% Germany : Panama','Florida','9555','Lake Ladariusshire','McCullough Village',NULL,'139',NULL,'Bachelor','KEA','Web Development',NULL,NULL,1,1,NULL,NULL,NULL),(224,'c.kaiser.p+21@gmail.com','$2y$13$xbbIx9RCwHPOwzigTaOePO7areaYnVVYoCLNY0.NQhv6l7Dk.kLke','[\"ROLE_VOLUNTEER\"]','Bailee',NULL,'Auer','1994-05-11',1,'Danish',24612473,'10% Sweden : 15% Norway : 13% Germany : Panama','District of Columbia','4756','Ebertmouth','Hegmann Glen',NULL,'34088',NULL,'Bachelor','KEA','Web Development',NULL,NULL,1,1,NULL,NULL,NULL),(225,'c.kaiser.p+22@gmail.com','$2y$13$0su6S0dgGN4NrCoEnyWZCOzL3OkG/y7JVmWpgtnhV1CcndXgm1d4W','[\"ROLE_VOLUNTEER\"]','Bianka',NULL,'Bashirian','1993-06-05',1,'Austrian',89459511,'10% Sweden : 15% Norway : 13% Germany : Panama','Oregon','4438','Juliofurt','Wilhelm Knoll',NULL,'8317',NULL,'Bachelor','KEA','Web Development',NULL,NULL,1,1,NULL,NULL,NULL),(226,'c.kaiser.p+23@gmail.com','$2y$13$X/4TbfGaIkSBJfKOYM2.9euDYb/AsUBPuMUOnR9E/tKsSZjF1PrTq','[\"ROLE_VOLUNTEER\"]','Herbert',NULL,'Cummings','1971-09-11',1,'Panamanian',98814083,'10% Sweden : 15% Norway : 13% Germany : Panama','South Carolina','1912','Casperside','Jesse Freeway',NULL,'374',NULL,'Bachelor','KEA','Web Development',NULL,NULL,1,1,NULL,NULL,NULL),(227,'c.kaiser.p+24@gmail.com','$2y$13$p0TT9Na/XW4onLm4pHinNOH17mTKYu64PDFxGMbpb3Llsz9qb0oGy','[\"ROLE_VOLUNTEER\"]','Kathryn',NULL,'Stokes','1976-11-04',1,'Austrian',43253190,'10% Sweden : 15% Norway : 13% Germany : Panama','Nevada','1603','Wolffmouth','Estelle Island',NULL,'677',NULL,'Bachelor','KEA','Web Development',NULL,NULL,1,1,NULL,NULL,NULL),(228,'c.kaiser.p+25@gmail.com','$2y$13$6jD3d0lSwF0j9DxBDSuzLuPMCOuxV62oFLWAR5GVgt/C7KoPp4MNi','[\"ROLE_VOLUNTEER\"]','Okey',NULL,'Wunsch','1972-02-08',1,'Danish',85366787,'Denmark','Utah','4915','Pfefferborough','Jared Loop',NULL,'53451',NULL,'Bachelor','KEA','Web Development',NULL,NULL,1,1,NULL,NULL,NULL),(229,'c.kaiser.p+26@gmail.com','$2y$13$QhM5gtfyEjvZMU5wOKySAu.SYqioO6XzOxrPpN19kdqWoBx/OsZw6','[\"ROLE_VOLUNTEER\"]','Gust',NULL,'Crona','1991-07-25',1,'Panamanian',65179895,'Denmark','Iowa','3230','Corrinestad','Nola Alley',NULL,'73747',NULL,'Bachelor','KEA','Web Development',NULL,NULL,1,1,NULL,NULL,NULL),(230,'c.kaiser.p+27@gmail.com','$2y$13$pP7W1piPJucjxswmRyLCXe/sS4Ex5lWup/giCuDl6ilgNYVBN7dy2','[\"ROLE_VOLUNTEER\"]','Rossie',NULL,'Hudson','1993-11-22',1,'Austrian',43466580,'10% Sweden : 15% Norway : 13% Germany : Panama','Iowa','3624','Rubyefurt','Alexis Plaza',NULL,'67308',NULL,'Bachelor','KEA','Web Development',NULL,NULL,1,1,NULL,NULL,NULL),(231,'c.kaiser.p+28@gmail.com','$2y$13$A0XJudeS8Ta9KxvgHXnqU.hk9BKFUEkc4yE26ll9TicoDlrmQBiyG','[\"ROLE_ADMIN\"]','Miracle',NULL,'Morar','1987-04-19',1,'Germany',87027835,'10% Sweden : 15% Norway : 13% Germany : Panama','Georgia','6939','Port Edatown','Taylor Summit',NULL,'7137',NULL,'Bachelor','KEA','Web Development',NULL,NULL,1,1,NULL,NULL,NULL),(232,'c.kaiser.p+29@gmail.com','$2y$13$QI7aSMbMI1lBec2z0NGCuOsX8O3fT.ZmtulIQ59l.zA0v2vKjj5O6','[\"ROLE_VOLUNTEER\"]','Chandler',NULL,'Hayes','1979-05-15',1,'Danish',47811534,'10% Sweden : 15% Norway : 13% Germany : Panama','Wyoming','3338','South Jude','Flavio Brooks',NULL,'9261',NULL,'Bachelor','KEA','Web Development',NULL,NULL,1,1,NULL,NULL,NULL),(233,'c.kaiser.p+30@gmail.com','$2y$13$intrUW1SLm.RfxOIOpn9Q./ACZpvwQUYXR0v2/vpz8kOEmACrv4Aq','[\"ROLE_VOLUNTEER\"]','Maximillian',NULL,'Feest','1999-10-26',1,'Austrian',71625880,'Denmark','Ohio','5830','West Violetbury','Kenya Pike',NULL,'605',NULL,'Bachelor','KEA','Web Development',NULL,NULL,1,1,NULL,NULL,NULL),(234,'c.kaiser.p+31@gmail.com','$2y$13$uQDu.xI.1doLM7EOaNva/.fQvcAv/K5Sys0WLlB6lJIIYXrSAdUCe','[\"ROLE_VOLUNTEER\"]','Gwen',NULL,'Rice','1992-04-26',1,'Norwegian',66437753,'Denmark','Oregon','2998','East Nobleview','Bogisich Camp',NULL,'733',NULL,'Bachelor','KEA','Web Development',NULL,NULL,1,1,NULL,NULL,NULL),(235,'c.kaiser.p+32@gmail.com','$2y$13$Ht1xPDmQWKnUPFUZqZB9p.l8D/vTb1ofmrPV0WxqZppCI6dQrKWrK','[\"ROLE_ADMIN\"]','Holden',NULL,'Goodwin','2000-08-08',1,'Danish',89952574,'10% Sweden : 15% Norway : 13% Germany : Panama','West Virginia','7428','Madelineport','Gorczany Cape',NULL,'355',NULL,'Bachelor','KEA','Web Development',NULL,NULL,1,1,NULL,NULL,NULL),(236,'c.kaiser.p+33@gmail.com','$2y$13$pwPCV7yAPzxb7lP/TV9CSOnAtuMg7Puigmp72BRGIPxnxLlWwM0Zy','[\"ROLE_VOLUNTEER\"]','Ernestina',NULL,'Hammes','1997-11-23',1,'Germany',71852060,'10% Sweden : 15% Norway : 13% Germany : Panama','West Virginia','3866','South Vilma','Swaniawski Mountains',NULL,'3538',NULL,'Bachelor','KEA','Web Development',NULL,NULL,1,1,NULL,NULL,NULL),(237,'c.kaiser.p+34@gmail.com','$2y$13$0av8OkTLvgXgPVi.5mEI7.SitGgoa9qafTH1N6Inx/7Ay9MU7lZMC','[\"ROLE_VOLUNTEER\"]','Abagail',NULL,'Luettgen','1987-10-15',1,'Germany',38265376,'10% Sweden : 15% Norway : 13% Germany : Panama','Alaska','2449','Dawsonton','Hulda Centers',NULL,'1179',NULL,'Bachelor','KEA','Web Development',NULL,NULL,1,1,NULL,NULL,NULL),(238,'c.kaiser.p+35@gmail.com','$2y$13$swhPvFhwsxIL4Z5IAXWCRuxvleXkbC4gItuErBcY.GYA/wgKwT0My','[\"ROLE_VOLUNTEER\"]','Jerod',NULL,'Marks','1974-06-22',1,'Danish',27411943,'10% Sweden : 15% Norway : 13% Germany : Panama','District of Columbia','3468','West Piercechester','Morissette Mill',NULL,'721',NULL,'Bachelor','KEA','Web Development',NULL,NULL,1,1,NULL,NULL,NULL),(239,'c.kaiser.p+36@gmail.com','$2y$13$OQTb/SuGgshFfg.ImFwvDOd6IFDZquF/1J/mtzEUis5iVyIXqPT4u','[\"ROLE_VOLUNTEER\"]','Jesus',NULL,'McClure','1971-01-09',1,'Panamanian',62918458,'Denmark','Kentucky','5759','Priceland','Yasmine Inlet',NULL,'737',NULL,'Bachelor','KEA','Web Development',NULL,NULL,1,1,NULL,NULL,NULL),(240,'c.kaiser.p+37@gmail.com','$2y$13$h9m5G0fhqLWNKKZlT2aCBOjz9xNx4an7NbxdsF7mmkyyn/vbWaSWK','[\"ROLE_VOLUNTEER\"]','Jeremy',NULL,'Ullrich','1997-06-24',1,'Danish',56141785,'10% Sweden : 15% Norway : 13% Germany : Panama','Arkansas','3938','Howeside','Emmerich Islands',NULL,'4236',NULL,'Bachelor','KEA','Web Development',NULL,NULL,1,1,NULL,NULL,NULL),(241,'c.kaiser.p+38@gmail.com','$2y$13$v1pCPlrsqEOpvjubFej5Feu0tyLzL9kJUb8lcdh0m6KorbTk.wTtS','[\"ROLE_VOLUNTEER\"]','Drake',NULL,'Lakin','1988-02-01',1,'Norwegian',73736608,'Denmark','Utah','4431','Hartmannfurt','Ernser Coves',NULL,'781',NULL,'Bachelor','KEA','Web Development',NULL,NULL,1,1,NULL,NULL,NULL),(242,'c.kaiser.p+39@gmail.com','$2y$13$yBraxn3B58hFraoDpoCLROSinivjr5auRwZkOXFXiHP.BndlGMmye','[\"ROLE_VOLUNTEER\"]','Jazmyn',NULL,'Ziemann','1972-05-02',1,'Danish',93352851,'10% Sweden : 15% Norway : 13% Germany : Panama','Utah','6012','Waelchifurt','Eldon Streets',NULL,'595',NULL,'Bachelor','KEA','Web Development',NULL,NULL,1,1,NULL,NULL,NULL),(243,'c.kaiser.p+40@gmail.com','$2y$13$D7pXWwfgvxxy5U5g7vnvluUOfMGKDBmyEq28jmKelVbrSyGFu8aSW','[\"ROLE_VOLUNTEER\"]','Bethany',NULL,'Gerlach','1996-05-10',1,'Danish',55035098,'10% Sweden : 15% Norway : 13% Germany : Panama','Colorado','5973','Quintentown','Brakus Mill',NULL,'9936',NULL,'Bachelor','KEA','Web Development',NULL,NULL,1,1,NULL,NULL,NULL),(244,'c.kaiser.p+41@gmail.com','$2y$13$KOU57iPC/D5sStwKLlJsEObUW8ifVM/Pc/ecdJbqsvODLsI75DwZK','[\"ROLE_VOLUNTEER\"]','Maxine',NULL,'Bayer','1998-09-28',1,'Austrian',59670486,'10% Sweden : 15% Norway : 13% Germany : Panama','Alabama','4624','Armandofort','Stella Crossroad',NULL,'713',NULL,'Bachelor','KEA','Web Development',NULL,NULL,1,1,NULL,NULL,NULL),(245,'c.kaiser.p+42@gmail.com','$2y$13$ucFadL4Y8z9Pv0w2XEhLoOy6cBojlYJeqAYUGtuxa0AcykTXI4VPS','[\"ROLE_VOLUNTEER\"]','Barney',NULL,'Kutch','1981-06-19',1,'Norwegian',30156149,'Austria','South Dakota','1323','Hansenshire','Anderson Key',NULL,'87327',NULL,'Bachelor','KEA','Web Development',NULL,NULL,1,1,NULL,NULL,NULL),(246,'c.kaiser.p+43@gmail.com','$2y$13$QItXcAyIyJJLf72Ps2AsPe9PDlVMIHsusJ5lSgQkeruTXUxQ06yrK','[\"ROLE_ADMIN\"]','Joey',NULL,'Kuphal','1994-10-12',1,'Danish',98367506,'10% Sweden : 15% Norway : 13% Germany : Panama','Massachusetts','9353','O\'Reillyville','Arturo Fields',NULL,'7615',NULL,'Bachelor','KEA','Web Development',NULL,NULL,1,1,NULL,NULL,NULL),(247,'c.kaiser.p+44@gmail.com','$2y$13$CSx7Wha9n38h3.JzoaSdiOK1qXnEI9/GeQgp3ibRJet4kxfvOqkMC','[\"ROLE_VOLUNTEER\"]','Katlynn',NULL,'Jacobs','1982-03-19',1,'Austrian',26763945,'10% Sweden : 15% Norway : 13% Germany : Panama','Minnesota','3361','Treutelville','Marks Villages',NULL,'333',NULL,'Bachelor','KEA','Web Development',NULL,NULL,1,1,NULL,NULL,NULL),(248,'c.kaiser.p+45@gmail.com','$2y$13$pyMPL7tVzWRPvNTuFyH1We1msyETW29U1QXD5WMD1JbrysILBwlAa','[\"ROLE_ADMIN\"]','Elvie',NULL,'Treutel','1981-10-18',1,'Norwegian',23565302,'10% Sweden : 15% Norway : 13% Germany : Panama','Wisconsin','5992','Lake Jazmin','Nicolas Pines',NULL,'8276',NULL,'Bachelor','KEA','Web Development',NULL,NULL,1,1,NULL,NULL,NULL),(249,'c.kaiser.p+46@gmail.com','$2y$13$eyCekcSgcPBUVBbncnC9OOuipzTeq76M.pU4Z9dY.kR9ugtcSBCsO','[\"ROLE_VOLUNTEER\"]','Taryn',NULL,'Romaguera','1992-05-04',1,'Panamanian',83172670,'Denmark','Alabama','6128','North Salma','Feeney Rest',NULL,'9392',NULL,'Bachelor','KEA','Web Development',NULL,NULL,1,1,NULL,NULL,NULL),(250,'c.kaiser.p+47@gmail.com','$2y$13$awPYv3bvKvFk1F4oeJVZ9.9tcTYtbHWQflfi2Y8dBJc6jVB.CZGNy','[\"ROLE_VOLUNTEER\"]','Aurelie',NULL,'Kuphal','1988-09-11',1,'Swedish',43852821,'10% Sweden : 15% Norway : 13% Germany : Panama','Wisconsin','6109','Darrellfurt','Pink Shore',NULL,'1029',NULL,'Bachelor','KEA','Web Development',NULL,NULL,1,1,NULL,NULL,NULL),(251,'c.kaiser.p+48@gmail.com','$2y$13$9I7aOfDpKUT./Rn9o8eZj.OopBG2kFIxYdNkO3KAaoJMVZVU1t1UW','[\"ROLE_ADMIN\"]','Laney',NULL,'Mueller','1981-03-03',1,'Austrian',36358688,'Denmark','Illinois','7298','Mayaside','Gislason Islands',NULL,'981',NULL,'Bachelor','KEA','Web Development',NULL,NULL,1,1,NULL,NULL,NULL),(252,'c.kaiser.p+49@gmail.com','$2y$13$l/addc9sbOjN0a0pLF7U9eE8ZP936BFaJ0y8/u/zbWvfrfB0.9EWK','[\"ROLE_ADMIN\"]','Eino',NULL,'Herzog','1985-05-14',1,'Norwegian',72075500,'10% Sweden : 15% Norway : 13% Germany : Panama','Texas','2749','North Darrylshire','Spencer Burg',NULL,'5782',NULL,'Bachelor','KEA','Web Development',NULL,NULL,1,1,NULL,NULL,NULL),(253,'c.kaiser.p+50@gmail.com','$2y$13$MPNLizFHjsJS/CsitycUjOs7t/7au1jyZkood2MdQ1lyWTZSHrQ3a','[\"ROLE_VOLUNTEER\"]','Lulu',NULL,'Aufderhar','1996-05-01',1,'Danish',47800544,'10% Sweden : 15% Norway : 13% Germany : Panama','Virginia','8508','Laceyburgh','Haley Falls',NULL,'6917',NULL,'Bachelor','KEA','Web Development',NULL,NULL,1,1,NULL,NULL,NULL),(254,'c.kaiser.p+51@gmail.com','$2y$13$4D7p4nZ3W./Da34lWrSlz.Qwu1tf./HzBijubsKEv3C1A5tluPiDS','[\"ROLE_VOLUNTEER\"]','Jada',NULL,'Deckow','1999-10-08',1,'Panamanian',87898795,'10% Sweden : 15% Norway : 13% Germany : Panama','Wyoming','1148','Leopoldberg','Jon View',NULL,'894',NULL,'Bachelor','KEA','Web Development',NULL,NULL,1,1,NULL,NULL,NULL),(255,'c.kaiser.p+52@gmail.com','$2y$13$sG7C9HT.BkI6hB4KZC7iPOh0hbDSi1qyj33TMRJZnlASMGd66THIC','[\"ROLE_VOLUNTEER\"]','Emmanuelle',NULL,'Lebsack','1974-01-25',1,'Panamanian',30910083,'Austria','Indiana','7855','Yostside','Warren Gardens',NULL,'4635',NULL,'Bachelor','KEA','Web Development',NULL,NULL,1,1,NULL,NULL,NULL),(256,'c.kaiser.p+53@gmail.com','$2y$13$DKoQZK.AYtwvzSL/6K8FLOInZ7ED8j3sF.TBVqAs6eZZzmAXWQGny','[\"ROLE_VOLUNTEER\"]','Esmeralda',NULL,'Hermiston','1992-04-08',1,'Danish',46318530,'10% Sweden : 15% Norway : 13% Germany : Panama','Missouri','6624','New Lucyfurt','Bahringer Glen',NULL,'80444',NULL,'Bachelor','KEA','Web Development',NULL,NULL,1,1,NULL,NULL,NULL),(257,'c.kaiser.p+54@gmail.com','$2y$13$bzZXtUMtOEXO7Vz9q3Oop.FnTIqS9xDcNnuh2ZIzwgsq.iMBixSXS','[\"ROLE_VOLUNTEER\"]','Billy',NULL,'Hayes','1999-07-06',1,'Danish',92594149,'Austria','North Carolina','1919','Aldabury','Jace Mount',NULL,'5999',NULL,'Bachelor','KEA','Web Development',NULL,NULL,1,1,NULL,NULL,NULL),(258,'c.kaiser.p+55@gmail.com','$2y$13$7Rg28QP2znI5mAuhnfmV1.3WBfjQmMweF2KJMys.40DKdxBtgEyQy','[\"ROLE_VOLUNTEER\"]','Estrella',NULL,'Goldner','1971-12-29',1,'Austrian',41819742,'10% Sweden : 15% Norway : 13% Germany : Panama','Washington','8070','Schowalterside','Johnston Key',NULL,'59708',NULL,'Bachelor','KEA','Web Development',NULL,NULL,1,1,NULL,NULL,NULL),(259,'c.kaiser.p+56@gmail.com','$2y$13$gnFm.FINkdNpTbLgTvcgCeD5oneFj3e0ogFdM9D/VrSDxS5sTeG7C','[\"ROLE_VOLUNTEER\"]','Gerson',NULL,'Hackett','1986-11-18',1,'Danish',81552711,'10% Sweden : 15% Norway : 13% Germany : Panama','New Hampshire','9072','North Pasquale','Legros Mills',NULL,'226',NULL,'Bachelor','KEA','Web Development',NULL,NULL,1,1,NULL,NULL,NULL),(260,'c.kaiser.p+57@gmail.com','$2y$13$Ekg8P1etGBXI2UpEqaK1SeQqPYHptcBEdemVW17Ka6lHpeOfxj7KS','[\"ROLE_VOLUNTEER\"]','Modesta',NULL,'Rau','1973-11-20',1,'Norwegian',34482954,'10% Sweden : 15% Norway : 13% Germany : Panama','Colorado','4835','Heatherborough','Sadie Street',NULL,'21513',NULL,'Bachelor','KEA','Web Development',NULL,NULL,1,1,NULL,NULL,NULL),(261,'c.kaiser.p+58@gmail.com','$2y$13$G3EdewrerLxjNcJzh9CDdetZHFNZbnhnejPzQ.QHXl6VXun8U453i','[\"ROLE_VOLUNTEER\"]','Lavonne',NULL,'Roberts','1980-05-06',1,'Panamanian',81110361,'10% Sweden : 15% Norway : 13% Germany : Panama','West Virginia','2321','Kubfurt','Stacey Walks',NULL,'289',NULL,'Bachelor','KEA','Web Development',NULL,NULL,1,1,NULL,NULL,NULL),(262,'c.kaiser.p+59@gmail.com','$2y$13$GKP23/3jbrrFqvBvFtplg.7TIQwG0x02ZNtN28n1S/5e7EHdKLSnG','[\"ROLE_VOLUNTEER\"]','Cecilia',NULL,'Kihn','1986-01-11',1,'Panamanian',41438754,'Denmark','New Mexico','9031','South Melissaberg','Bartell Union',NULL,'8698',NULL,'Bachelor','KEA','Web Development',NULL,NULL,1,1,NULL,NULL,NULL),(263,'c.kaiser.p+60@gmail.com','$2y$13$P/8bqg.O7KMfAYoqHVfnHOPQ.CHLASFAC7gxvlU.W7RDYeC0ABd8q','[\"ROLE_VOLUNTEER\"]','Bianka',NULL,'Hackett','1983-02-27',1,'Germany',87360992,'Denmark','South Dakota','9515','Port Dejon','Wendy View',NULL,'61817',NULL,'Bachelor','KEA','Web Development',NULL,NULL,1,1,NULL,NULL,NULL),(264,'c.kaiser.p+61@gmail.com','$2y$13$jBWqcFady9D0ooWoP8Dp0eI9MJvOy/Umv0r/BNEQNLLJxYPkq4s1.','[\"ROLE_VOLUNTEER\"]','Elfrieda',NULL,'Tromp','1978-03-23',1,'Danish',63814854,'10% Sweden : 15% Norway : 13% Germany : Panama','California','4070','Port Jazlyn','Cristian Valley',NULL,'8883',NULL,'Bachelor','KEA','Web Development',NULL,NULL,1,1,NULL,NULL,NULL),(265,'c.kaiser.p+62@gmail.com','$2y$13$YZycMY5hbClP6FouQ77dregziLO94dKPKaXxmcXiDyhSlX6PoLzBa','[\"ROLE_VOLUNTEER\"]','Ian',NULL,'Kertzmann','1989-07-16',1,'Austrian',89044221,'10% Sweden : 15% Norway : 13% Germany : Panama','Iowa','1626','Lake Daisyhaven','Jamal Avenue',NULL,'623',NULL,'Bachelor','KEA','Web Development',NULL,NULL,1,1,NULL,NULL,NULL),(266,'c.kaiser.p+63@gmail.com','$2y$13$xj1IqWKjteO1nuFIvrwQPu5j05EoafaK.yQXAk2mY0VOTWH7noXMK','[\"ROLE_VOLUNTEER\"]','Karley',NULL,'Gaylord','1988-09-09',1,'Austrian',24484687,'10% Sweden : 15% Norway : 13% Germany : Panama','Massachusetts','5404','Lake Melvinaborough','Considine Pines',NULL,'730',NULL,'Bachelor','KEA','Web Development',NULL,NULL,1,1,NULL,NULL,NULL),(267,'c.kaiser.p+64@gmail.com','$2y$13$fuejrVR2TnW3tPIyQoQMc.PmigtozVDoooctdGTDAwt7OIi5dXuvm','[\"ROLE_ADMIN\"]','Princess',NULL,'Wilkinson','2000-07-24',1,'Danish',70453211,'10% Sweden : 15% Norway : 13% Germany : Panama','Colorado','2547','Lake Ezequiel','Ole Estate',NULL,'24261',NULL,'Bachelor','KEA','Web Development',NULL,NULL,1,1,NULL,NULL,NULL),(268,'c.kaiser.p+65@gmail.com','$2y$13$j.k1eOjfm7v/H8oFNLv6X.kGAasUZ7W928eisSc8kvKSvo8rJdgFC','[\"ROLE_ADMIN\"]','Kayli',NULL,'Altenwerth','1976-12-10',1,'Norwegian',45749513,'10% Sweden : 15% Norway : 13% Germany : Panama','Vermont','6233','Lake Camilleton','Nicholas Burgs',NULL,'588',NULL,'Bachelor','KEA','Web Development',NULL,NULL,1,1,NULL,NULL,NULL),(269,'c.kaiser.p+66@gmail.com','$2y$13$hmI1quEGXt6aC453qgOSCugrvnts6TQCDsDd4.FFCfSq0LTMTXmy.','[\"ROLE_VOLUNTEER\"]','Catherine',NULL,'Berge','1995-02-24',1,'Danish',76681106,'Denmark','Hawaii','6521','South Prudencetown','Grady Mountains',NULL,'7066',NULL,'Bachelor','KEA','Web Development',NULL,NULL,1,1,NULL,NULL,NULL),(270,'c.kaiser.p+67@gmail.com','$2y$13$rkFMQDbZ9aeMDwutZMiEXOeoA1NqkPh6SralBBTldALcIMzMTRQNq','[\"ROLE_VOLUNTEER\"]','Bryon',NULL,'Raynor','1992-10-18',1,'Panamanian',69575757,'10% Sweden : 15% Norway : 13% Germany : Panama','Arizona','4750','Okeyshire','Littel Center',NULL,'34897',NULL,'Bachelor','KEA','Web Development',NULL,NULL,1,1,NULL,NULL,NULL),(271,'c.kaiser.p+68@gmail.com','$2y$13$yS8oiPIOyS9XhMbsQ5.wcupWkHKtYfxB.I5DqIyWwWg1AUIsCioUS','[\"ROLE_VOLUNTEER\"]','Darius',NULL,'Bahringer','1989-09-12',1,'Danish',70250269,'10% Sweden : 15% Norway : 13% Germany : Panama','Kansas','2223','Johnathonmouth','Fahey Row',NULL,'358',NULL,'Bachelor','KEA','Web Development',NULL,NULL,1,1,NULL,NULL,NULL),(272,'c.kaiser.p+69@gmail.com','$2y$13$4iKYCrm.kHdZCG8/n78Br.oxT.0dd9fjjpwnvg/aqERimHNF7m7TC','[\"ROLE_VOLUNTEER\"]','Tia',NULL,'Bernhard','1979-02-06',1,'Norwegian',58480020,'10% Sweden : 15% Norway : 13% Germany : Panama','Michigan','1101','North Cassandra','Stephania Plaza',NULL,'23857',NULL,'Bachelor','KEA','Web Development',NULL,NULL,1,1,NULL,NULL,NULL),(273,'c.kaiser.p+70@gmail.com','$2y$13$2GmzsJ7OtwC.FyCNXQm1j.jTZD5QD/h/u4RXMlcvc1oinRZCrsdD2','[\"ROLE_VOLUNTEER\"]','Daisy',NULL,'Strosin','1979-04-04',1,'Danish',74331766,'10% Sweden : 15% Norway : 13% Germany : Panama','Wyoming','3279','Kingview','Parker Fork',NULL,'109',NULL,'Bachelor','KEA','Web Development',NULL,NULL,1,1,NULL,NULL,NULL),(274,'c.kaiser.p+71@gmail.com','$2y$13$3WN1Yb.eRnPywrzyGH44Gu5UFouazRFt8TWsK1ZqRfiIzP1ppsSyC','[\"ROLE_VOLUNTEER\"]','Emmett',NULL,'Ruecker','1985-04-24',1,'Norwegian',99263932,'Denmark','Idaho','5949','Port Ernie','Clementina Tunnel',NULL,'14309',NULL,'Bachelor','KEA','Web Development',NULL,NULL,1,1,NULL,NULL,NULL),(275,'c.kaiser.p+72@gmail.com','$2y$13$uvtfzWBulE7uwYy7TxBV/OJ94B0ENN5LgGaaBHeoY1FxrW8NSKlRW','[\"ROLE_VOLUNTEER\"]','Max',NULL,'Rosenbaum','1980-08-26',1,'Swedish',67283597,'10% Sweden : 15% Norway : 13% Germany : Panama','Arizona','1391','West Rainamouth','Hilll Square',NULL,'15898',NULL,'Bachelor','KEA','Web Development',NULL,NULL,1,1,NULL,NULL,NULL),(276,'c.kaiser.p+73@gmail.com','$2y$13$mQkH3OIWVhMQEl/q/.qY5ed6AOXRHujHS7SyWHfSlBcIN/cyAtAYe','[\"ROLE_ADMIN\"]','Lucy',NULL,'Prohaska','1999-03-01',1,'Panamanian',76062411,'Austria','Montana','8157','Lake Joycefort','Nestor Rest',NULL,'41802',NULL,'Bachelor','KEA','Web Development',NULL,NULL,1,1,NULL,NULL,NULL),(277,'c.kaiser.p+74@gmail.com','$2y$13$kY6F45IuQbjAacbpdIW/Gu38NnBoAX4DUgHAOjTqqRSItB8wuGlyO','[\"ROLE_VOLUNTEER\"]','Laurence',NULL,'Quitzon','1973-02-02',1,'Panamanian',38329585,'10% Sweden : 15% Norway : 13% Germany : Panama','Rhode Island','8969','New Zane','Franecki Common',NULL,'291',NULL,'Bachelor','KEA','Web Development',NULL,NULL,1,1,NULL,NULL,NULL),(278,'c.kaiser.p+75@gmail.com','$2y$13$P0Y1bxY8xXaIbUzJfJFCZeatckQyABn6BoIL5ZA4nWwzGJa0yqeAS','[\"ROLE_VOLUNTEER\"]','Andre',NULL,'Orn','1971-04-25',1,'Danish',87871039,'10% Sweden : 15% Norway : 13% Germany : Panama','North Dakota','5317','Watsicaport','Wehner Causeway',NULL,'4755',NULL,'Bachelor','KEA','Web Development',NULL,NULL,1,1,NULL,NULL,NULL),(279,'c.kaiser.p+76@gmail.com','$2y$13$f5L7v.kmj.Blm8kGYK12aOe4mhnXlqa1S22PmWNxR9Q0ETGMK.jbG','[\"ROLE_VOLUNTEER\"]','Fiona',NULL,'Kohler','1972-09-22',1,'Panamanian',50652792,'10% Sweden : 15% Norway : 13% Germany : Panama','Virginia','9855','Kleinborough','Stanton Crossing',NULL,'970',NULL,'Bachelor','KEA','Web Development',NULL,NULL,1,1,NULL,NULL,NULL),(280,'c.kaiser.p+77@gmail.com','$2y$13$KLK1610Syh2A12EDqeWnGOc1rVloZHy.Cy7EBy.vWQfM0TyKawBqG','[\"ROLE_VOLUNTEER\"]','Abby',NULL,'Satterfield','1994-08-25',1,'Germany',65245491,'Denmark','Vermont','9416','North Colby','Hodkiewicz Springs',NULL,'199',NULL,'Bachelor','KEA','Web Development',NULL,NULL,1,1,NULL,NULL,NULL),(281,'c.kaiser.p+78@gmail.com','$2y$13$fcDvD0oHj45BdxArqHnOi.Ad5iRd.bVYSxWPxUThrQTDq/BeB0ND6','[\"ROLE_ADMIN\"]','Muriel',NULL,'Kemmer','1976-07-02',1,'Austrian',28697952,'Denmark','Georgia','4461','Port Aglaeshire','Heaney River',NULL,'97395',NULL,'Bachelor','KEA','Web Development',NULL,NULL,1,1,NULL,NULL,NULL),(282,'c.kaiser.p+79@gmail.com','$2y$13$dlg.fpkw4.CHoJxI4aiT3eA.2Xi7dd7r6aMQmNj9zZuyZsY0H1FyK','[\"ROLE_VOLUNTEER\"]','Brooklyn',NULL,'Renner','1974-10-30',1,'Panamanian',88162264,'10% Sweden : 15% Norway : 13% Germany : Panama','New York','3471','Careystad','Flatley Courts',NULL,'26451',NULL,'Bachelor','KEA','Web Development',NULL,NULL,1,1,NULL,NULL,NULL),(283,'c.kaiser.p+80@gmail.com','$2y$13$1yTFbyci0olIt4sjJfevgeASSncZJ8teoOrH0Xszp40gJmbBgN3Je','[\"ROLE_VOLUNTEER\"]','Sterling',NULL,'Hansen','1991-06-13',1,'Swedish',50404990,'10% Sweden : 15% Norway : 13% Germany : Panama','North Carolina','5299','Denesikshire','Paula Fork',NULL,'88118',NULL,'Bachelor','KEA','Web Development',NULL,NULL,1,1,NULL,NULL,NULL),(284,'c.kaiser.p+81@gmail.com','$2y$13$sydhbJwZfouB5JOvBQ//Q.ogsN1Pap.LBzDxGVASiw/KuJKztVEQW','[\"ROLE_VOLUNTEER\"]','Ahmad',NULL,'Turcotte','1989-05-22',1,'Austrian',52519620,'10% Sweden : 15% Norway : 13% Germany : Panama','Vermont','9006','East Grahammouth','Kuhic Valleys',NULL,'249',NULL,'Bachelor','KEA','Web Development',NULL,NULL,1,1,NULL,NULL,NULL),(285,'c.kaiser.p+82@gmail.com','$2y$13$k7gCka8aaxRpWY7qyiaU9eb3jOEO1bgNb9NkofxL6iBk/Pc6Ca0xS','[\"ROLE_VOLUNTEER\"]','Jannie',NULL,'Kilback','1995-06-15',1,'Danish',31591813,'Denmark','Indiana','4480','New Sarahmouth','Carole Meadows',NULL,'42158',NULL,'Bachelor','KEA','Web Development',NULL,NULL,1,1,NULL,NULL,NULL),(286,'c.kaiser.p+83@gmail.com','$2y$13$JwqgfyEAZX2I3FziaOLAnOIeH3gKmCXlNcnigDbwh.Th6yA0AomWi','[\"ROLE_VOLUNTEER\"]','Abner',NULL,'Ernser','1974-07-24',1,'Panamanian',29384518,'10% Sweden : 15% Norway : 13% Germany : Panama','Massachusetts','3585','North Manuel','Leora Landing',NULL,'1379',NULL,'Bachelor','KEA','Web Development',NULL,NULL,1,1,NULL,NULL,NULL),(287,'c.kaiser.p+84@gmail.com','$2y$13$Y5WrTCFVh9JPKtA.Znl6jeotULKWPtyTIe5eQBrWuGE9JdoO2kkFa','[\"ROLE_VOLUNTEER\"]','Bianka',NULL,'Bednar','1982-12-19',1,'Panamanian',84221000,'Denmark','Kentucky','8056','Hickletown','Johnson Pass',NULL,'29268',NULL,'Bachelor','KEA','Web Development',NULL,NULL,1,1,NULL,NULL,NULL),(288,'c.kaiser.p+85@gmail.com','$2y$13$YAN9sV/fZ/UOKhHnTwS1WOqMH2m3z.NR19N.XcF6IXkLKn6LV0Bh.','[\"ROLE_VOLUNTEER\"]','Mallory',NULL,'Tromp','1975-07-03',1,'Swedish',96926919,'10% Sweden : 15% Norway : 13% Germany : Panama','Tennessee','6608','Pearlside','Mariano Lakes',NULL,'1155',NULL,'Bachelor','KEA','Web Development',NULL,NULL,1,1,NULL,NULL,NULL),(289,'c.kaiser.p+86@gmail.com','$2y$13$1XrpAzLcw9D0inkklAfws.9.bdRPRiEJ/hyvg98xgi2mNXhqYbTJG','[\"ROLE_VOLUNTEER\"]','Alfred',NULL,'O\'Reilly','1979-12-22',1,'Panamanian',40773803,'10% Sweden : 15% Norway : 13% Germany : Panama','Louisiana','5502','West Jacquesborough','Jerel Parkways',NULL,'9035',NULL,'Bachelor','KEA','Web Development',NULL,NULL,1,1,NULL,NULL,NULL),(290,'c.kaiser.p+87@gmail.com','$2y$13$quz1xyTV5O00I1C5ysqTFeC52OTeyQnc.dLVktl6uMScxKBai.N8K','[\"ROLE_VOLUNTEER\"]','Marcelino',NULL,'Cummings','1971-12-20',1,'Austrian',71705141,'10% Sweden : 15% Norway : 13% Germany : Panama','South Dakota','8257','South Augustineburgh','Jaydon Groves',NULL,'83009',NULL,'Bachelor','KEA','Web Development',NULL,NULL,1,1,NULL,NULL,NULL),(291,'c.kaiser.p+88@gmail.com','$2y$13$h/Gz8SAvCxkwrPMtzrnUOeCPUkF.ZEkuRZBbEnyN5mFfylXxiXa.G','[\"ROLE_VOLUNTEER\"]','Romaine',NULL,'Boyer','1993-01-07',1,'Swedish',64775517,'10% Sweden : 15% Norway : 13% Germany : Panama','California','3360','Lake Sandymouth','Marty Ports',NULL,'400',NULL,'Bachelor','KEA','Web Development',NULL,NULL,1,1,NULL,NULL,NULL),(292,'c.kaiser.p+89@gmail.com','$2y$13$mBIgOgZQJpD43kiTgR.v3OPvLZtEABtWgv/xi02ot9G.OPq.ETf2i','[\"ROLE_VOLUNTEER\"]','Gloria',NULL,'Bechtelar','1978-07-02',1,'Austrian',98775602,'10% Sweden : 15% Norway : 13% Germany : Panama','Idaho','3761','Simeonburgh','O\'Kon Pass',NULL,'8594',NULL,'Bachelor','KEA','Web Development',NULL,NULL,1,1,NULL,NULL,NULL),(293,'c.kaiser.p+90@gmail.com','$2y$13$iRmkKtRskWVm3G0JqqTNSeNUB2sQQwqYoHEdtI.yqS9HMlQdZdTkq','[\"ROLE_VOLUNTEER\"]','Herminio',NULL,'Weber','1987-06-04',1,'Panamanian',28906923,'Austria','Pennsylvania','8431','Lynchbury','Swaniawski Glens',NULL,'78455',NULL,'Bachelor','KEA','Web Development',NULL,NULL,1,1,NULL,NULL,NULL),(294,'c.kaiser.p+91@gmail.com','$2y$13$Q8dyYkixjXSj.PiGGm99LuevZ7oyvmKTmAdREDdGIf/V1aTN.ihB6','[\"ROLE_VOLUNTEER\"]','Rita',NULL,'Little','1970-11-22',1,'Swedish',80511927,'Denmark','West Virginia','3047','Lake Cloyd','Hudson Spring',NULL,'500',NULL,'Bachelor','KEA','Web Development',NULL,NULL,1,1,NULL,NULL,NULL),(295,'c.kaiser.p+92@gmail.com','$2y$13$5pzMS7k/OmMMdbJtJynfJ.IGcgHzAHrjomyuj6q5E/T72NP1jHDS2','[\"ROLE_VOLUNTEER\"]','Bradley',NULL,'Krajcik','1976-12-22',1,'Germany',84145809,'10% Sweden : 15% Norway : 13% Germany : Panama','Michigan','1471','Manuelaport','Muhammad Parks',NULL,'12498',NULL,'Bachelor','KEA','Web Development',NULL,NULL,1,1,NULL,NULL,NULL),(296,'c.kaiser.p+93@gmail.com','$2y$13$Yo1MLfaVTYr2Czlh9Ct7du8qTnV0qFQ2fs7lF1L/mVN3V3o3FwfZS','[\"ROLE_VOLUNTEER\"]','Seamus',NULL,'Hermiston','1993-08-14',1,'Danish',35819307,'10% Sweden : 15% Norway : 13% Germany : Panama','Louisiana','2482','East Charleneland','Perry Manor',NULL,'95473',NULL,'Bachelor','KEA','Web Development',NULL,NULL,1,1,NULL,NULL,NULL),(297,'c.kaiser.p+94@gmail.com','$2y$13$DWisVQuDG.W9PAPIL2Ee1u/0xweiZErZR.KmEP385NN2VC.9pBzA6','[\"ROLE_VOLUNTEER\"]','Vladimir',NULL,'Haley','1992-11-18',1,'Norwegian',38166698,'Denmark','Alaska','7624','Hettingerbury','Weissnat Knolls',NULL,'55136',NULL,'Bachelor','KEA','Web Development',NULL,NULL,1,1,NULL,NULL,NULL),(298,'c.kaiser.p+95@gmail.com','$2y$13$m8QjGUY.4DWc3cKf1W3yS.38CO9ooF/ZnH3dfS.SN7eaXb5p.Jmom','[\"ROLE_VOLUNTEER\"]','Leila',NULL,'Olson','1985-10-21',1,'Danish',53334222,'Denmark','South Dakota','2481','East Kyleemouth','Bailey Oval',NULL,'40055',NULL,'Bachelor','KEA','Web Development',NULL,NULL,1,1,NULL,NULL,NULL),(299,'c.kaiser.p+96@gmail.com','$2y$13$4hnEx9J0DjB4qMnFlINZr.rihmh0TnNPD5BRlh5HUK6xFAgY92x2C','[\"ROLE_VOLUNTEER\"]','Bartholome',NULL,'Rath','1970-10-14',1,'Norwegian',63885754,'Denmark','Alaska','9734','South Magdalena','Alda Skyway',NULL,'880',NULL,'Bachelor','KEA','Web Development',NULL,NULL,1,1,NULL,NULL,NULL),(300,'c.kaiser.p+97@gmail.com','$2y$13$Y1nciprjHK9c1DkV8UXVMeh.GiohMsK3KY9yabergkXHB/Wi45QAq','[\"ROLE_ADMIN\"]','Bryana',NULL,'White','1972-04-28',1,'Austrian',24951809,'Denmark','New Jersey','5374','Nikolauston','Abernathy Plaza',NULL,'4747',NULL,'Bachelor','KEA','Web Development',NULL,NULL,1,1,NULL,NULL,NULL),(301,'c.kaiser.p+98@gmail.com','$2y$13$q6VL17pEix5m/nhQuG5F.e/pjJS0xXnFwjrPq.i1LNNttwSc9AiGm','[\"ROLE_VOLUNTEER\"]','Robb',NULL,'Monahan','1988-06-02',1,'Swedish',85181632,'10% Sweden : 15% Norway : 13% Germany : Panama','Montana','4796','New Laurianeshire','Golden Stravenue',NULL,'35401',NULL,'Bachelor','KEA','Web Development',NULL,NULL,1,1,NULL,NULL,NULL),(302,'c.kaiser.p+99@gmail.com','$2y$13$mSKO7I.L.Bja9p2nP77/V.vsJT9lfZqWLOFirbwXcZ5keNOqWQKl.','[\"ROLE_VOLUNTEER\"]','Louie',NULL,'Reynolds','1979-05-06',1,'Danish',76204583,'10% Sweden : 15% Norway : 13% Germany : Panama','Louisiana','1673','Stehrview','Domenica Mount',NULL,'708',NULL,'Bachelor','KEA','Web Development',NULL,NULL,1,1,NULL,NULL,NULL),(303,'c.kaiser.p+100@gmail.com','$2y$13$wTavP62BoZ8nBCN3dupCAO5tlImfzoF8MzN2sf94XoT5TdoU645Li','[\"ROLE_VOLUNTEER\"]','Shany',NULL,'Hodkiewicz','1989-06-26',1,'Danish',24771881,'Denmark','Nevada','4123','Gulgowskiland','Streich Curve',NULL,'1810',NULL,'Bachelor','KEA','Web Development',NULL,NULL,1,1,NULL,NULL,NULL),(304,'asdfas@asdf.df','$2y$13$nyv4W2U3iSJc1GR3FP7LY.Zc.sl7eSM4zlaV7RyHsQSRp58064fkG','[\"ROLE_ADMIN\"]','Test','After','ManyToMany','1896-01-01',1,'ABW',12412412,NULL,NULL,NULL,NULL,NULL,NULL,NULL,NULL,NULL,NULL,NULL,NULL,NULL,1,1,NULL,NULL,NULL),(305,'aasd@asd.sd','$2y$13$dJaK2QeYRCM62U.8BI0JKOz51tPULh5MFhObBhU9zSaoH3n6ctHbO','[\"ROLE_VOLUNTEER\"]','Claus','Hjelvet','Test','1896-01-01',1,'Aruban',123123,'Aruba','aasdsa','123','scas','adac',NULL,'123',NULL,'gvg','vghvhgv','hgvhgv','hgvhg','vhgv',1,1,NULL,NULL,NULL),(306,'peter@test.dk','$2y$13$RF6A/oIm/pVtafNDbmYaOO3xhTSACEYPS1wIOcPeExmODnxHujTGu','[\"ROLE_VOLUNTEER\"]','Peter',NULL,'Hansen','1986-05-10',1,'Danish',21469172,'Denmark','Copenhagen','2860','Søborg','Søborg Hovedgade','2. tv','207','Carante IVS','Gymansium','HTX Lyngby','Mat/Fys','DTU','Maskin ingeniør',1,1,NULL,NULL,NULL),(307,'admin@user.dk','$2y$13$5zIu2jUrtqiIuj/PDrm.lesuhO7Qu0siLzHCxGSOxk.FymL4ctLeO','[\"ROLE_ADMIN\"]','Admin',NULL,'User','1896-01-01',1,'DNK',21469172,NULL,NULL,NULL,NULL,NULL,NULL,NULL,NULL,NULL,NULL,NULL,NULL,NULL,1,1,NULL,NULL,NULL),(308,'niscjo@gmail.com','$2y$13$JonDBxnWdnRYroybi/5AAuEl2vU874g7UhluhE47CJ3plbjDh0spi','[\"ROLE_VOLUNTEER\"]','Nina','Schjørring','Jørgensen','1990-01-08',1,'Danish',9788441,'Fiji','Nadi','Nadi','Martintar','Backroad',NULL,'7',NULL,'Bachelor','None','None',NULL,NULL,1,1,NULL,NULL,NULL),(310,'kaiser.carante@me.com','$2y$13$WAPmal1VSUNkdb61.B8miuC2dcw9xoNm82NCqXNSkRyA5PNc1gxuq','[\"ROLE_VOLUNTEER\"]','Hans','Christian','Andersen','1972-03-15',1,'Danish',21469172,'Denmark',NULL,'2860','Søborg','Søborg Hovedgade',NULL,'207',NULL,'Bachelor',NULL,NULL,NULL,NULL,1,1,NULL,NULL,NULL);
/*!40000 ALTER TABLE `user` ENABLE KEYS */;
UNLOCK TABLES;
/*!40103 SET TIME_ZONE=@OLD_TIME_ZONE */;

/*!40101 SET SQL_MODE=@OLD_SQL_MODE */;
/*!40014 SET FOREIGN_KEY_CHECKS=@OLD_FOREIGN_KEY_CHECKS */;
/*!40014 SET UNIQUE_CHECKS=@OLD_UNIQUE_CHECKS */;
/*!40101 SET CHARACTER_SET_CLIENT=@OLD_CHARACTER_SET_CLIENT */;
/*!40101 SET CHARACTER_SET_RESULTS=@OLD_CHARACTER_SET_RESULTS */;
/*!40101 SET COLLATION_CONNECTION=@OLD_COLLATION_CONNECTION */;
/*!40111 SET SQL_NOTES=@OLD_SQL_NOTES */;

-- Dump completed on 2016-12-13 21:13:41
