-- MySQL dump 10.13  Distrib 5.7.16, for osx10.11 (x86_64)
--
-- Host: localhost    Database: getmoving
-- ------------------------------------------------------
-- Server version	5.7.16

/*!40101 SET @OLD_CHARACTER_SET_CLIENT=@@CHARACTER_SET_CLIENT */;
/*!40101 SET @OLD_CHARACTER_SET_RESULTS=@@CHARACTER_SET_RESULTS */;
/*!40101 SET @OLD_COLLATION_CONNECTION=@@COLLATION_CONNECTION */;
/*!40101 SET NAMES utf8 */;
/*!40103 SET @OLD_TIME_ZONE=@@TIME_ZONE */;
/*!40103 SET TIME_ZONE='+00:00' */;
/*!40014 SET @OLD_UNIQUE_CHECKS=@@UNIQUE_CHECKS, UNIQUE_CHECKS=0 */;
/*!40014 SET @OLD_FOREIGN_KEY_CHECKS=@@FOREIGN_KEY_CHECKS, FOREIGN_KEY_CHECKS=0 */;
/*!40101 SET @OLD_SQL_MODE=@@SQL_MODE, SQL_MODE='NO_AUTO_VALUE_ON_ZERO' */;
/*!40111 SET @OLD_SQL_NOTES=@@SQL_NOTES, SQL_NOTES=0 */;

--
-- Table structure for table `document`
--

DROP TABLE IF EXISTS `document`;
/*!40101 SET @saved_cs_client     = @@character_set_client */;
/*!40101 SET character_set_client = utf8 */;
CREATE TABLE `document` (
  `id` int(11) NOT NULL AUTO_INCREMENT,
  `file_name` varchar(255) COLLATE utf8_unicode_ci NOT NULL,
  `path` varchar(255) COLLATE utf8_unicode_ci NOT NULL,
  `type` varchar(255) COLLATE utf8_unicode_ci NOT NULL,
  `date_uploaded` datetime NOT NULL,
  PRIMARY KEY (`id`)
) ENGINE=InnoDB DEFAULT CHARSET=utf8 COLLATE=utf8_unicode_ci;
/*!40101 SET character_set_client = @saved_cs_client */;

--
-- Dumping data for table `document`
--

LOCK TABLES `document` WRITE;
/*!40000 ALTER TABLE `document` DISABLE KEYS */;
/*!40000 ALTER TABLE `document` ENABLE KEYS */;
UNLOCK TABLES;

--
-- Table structure for table `media`
--

DROP TABLE IF EXISTS `media`;
/*!40101 SET @saved_cs_client     = @@character_set_client */;
/*!40101 SET character_set_client = utf8 */;
CREATE TABLE `media` (
  `id` int(11) NOT NULL AUTO_INCREMENT,
  `file_name` varchar(255) COLLATE utf8_unicode_ci NOT NULL,
  `path` varchar(255) COLLATE utf8_unicode_ci NOT NULL,
  `size` int(11) NOT NULL,
  `format` varchar(255) COLLATE utf8_unicode_ci NOT NULL,
  `date_uploaded` datetime NOT NULL,
  PRIMARY KEY (`id`)
) ENGINE=InnoDB AUTO_INCREMENT=16 DEFAULT CHARSET=utf8 COLLATE=utf8_unicode_ci;
/*!40101 SET character_set_client = @saved_cs_client */;

--
-- Dumping data for table `media`
--

LOCK TABLES `media` WRITE;
/*!40000 ALTER TABLE `media` DISABLE KEYS */;
INSERT INTO `media` VALUES (1,'logo.png','uploads/media-library/2017/01/',69504,'image','2016-12-31 19:00:35'),(2,'dummy1.jpg','uploads/media-library/2017/01/',48844,'image','2017-01-05 00:34:11'),(3,'dummy2.jpg','uploads/media-library/2017/01/',60505,'image','2017-01-04 04:24:06'),(4,'dummy3.jpg','uploads/media-library/2017/01/',62856,'image','2017-01-03 03:31:32'),(5,'dummy4.jpg','uploads/media-library/2017/01/',63145,'image','2017-01-04 20:06:24'),(6,'dummy5.jpg','uploads/media-library/2017/01/',91701,'image','2017-01-03 10:56:04'),(7,'dummy6.jpg','uploads/media-library/2017/01/',60457,'image','2017-01-05 01:03:09'),(8,'dummy7.jpg','uploads/media-library/2017/01/',86371,'image','2017-01-04 15:16:38'),(9,'dummy8.jpg','uploads/media-library/2017/01/',47671,'image','2017-01-04 15:21:51'),(10,'dummy9.jpg','uploads/media-library/2017/01/',85675,'image','2017-01-04 22:44:05'),(11,'dummy10.jpg','uploads/media-library/2017/01/',76936,'image','2017-01-03 23:49:42'),(12,'dummy11.jpg','uploads/media-library/2017/01/',38260,'image','2017-01-04 10:16:11'),(13,'dummy12.jpg','uploads/media-library/2017/01/',92115,'image','2017-01-05 01:50:46'),(14,'dummy13.jpg','uploads/media-library/2017/01/',61775,'image','2017-01-03 10:19:01'),(15,'dummy14.jpg','uploads/media-library/2017/01/',80558,'image','2017-01-04 10:59:22');
/*!40000 ALTER TABLE `media` ENABLE KEYS */;
UNLOCK TABLES;

--
-- Table structure for table `organisation`
--

DROP TABLE IF EXISTS `organisation`;
/*!40101 SET @saved_cs_client     = @@character_set_client */;
/*!40101 SET character_set_client = utf8 */;
CREATE TABLE `organisation` (
  `id` int(11) NOT NULL AUTO_INCREMENT,
  `logo_id` int(11) DEFAULT NULL,
  `name` varchar(255) COLLATE utf8_unicode_ci NOT NULL,
  `description` varchar(255) COLLATE utf8_unicode_ci NOT NULL,
  `mission` longtext COLLATE utf8_unicode_ci,
  `vision` longtext COLLATE utf8_unicode_ci,
  `core_value_one` varchar(255) COLLATE utf8_unicode_ci DEFAULT NULL,
  `core_value_one_icon` varchar(255) COLLATE utf8_unicode_ci DEFAULT NULL,
  `core_value_two` varchar(255) COLLATE utf8_unicode_ci DEFAULT NULL,
  `core_value_two_icon` varchar(255) COLLATE utf8_unicode_ci DEFAULT NULL,
  `core_value_three` varchar(255) COLLATE utf8_unicode_ci DEFAULT NULL,
  `core_value_three_icon` varchar(255) COLLATE utf8_unicode_ci DEFAULT NULL,
  `core_value_four` varchar(255) COLLATE utf8_unicode_ci DEFAULT NULL,
  `core_value_four_icon` varchar(255) COLLATE utf8_unicode_ci DEFAULT NULL,
  `core_value_five` varchar(255) COLLATE utf8_unicode_ci DEFAULT NULL,
  `core_value_five_icon` varchar(255) COLLATE utf8_unicode_ci DEFAULT NULL,
  `about` longtext COLLATE utf8_unicode_ci NOT NULL,
  `punchline` varchar(255) COLLATE utf8_unicode_ci DEFAULT NULL,
  `email_support` varchar(255) COLLATE utf8_unicode_ci NOT NULL,
  `email_official` varchar(255) COLLATE utf8_unicode_ci DEFAULT NULL,
  `address` longtext COLLATE utf8_unicode_ci,
  `facebook` varchar(255) COLLATE utf8_unicode_ci DEFAULT NULL,
  `twitter` varchar(255) COLLATE utf8_unicode_ci DEFAULT NULL,
  `linkedin` varchar(255) COLLATE utf8_unicode_ci DEFAULT NULL,
  `youtube` varchar(255) COLLATE utf8_unicode_ci DEFAULT NULL,
  `snapchat` varchar(255) COLLATE utf8_unicode_ci DEFAULT NULL,
  `instagram` varchar(255) COLLATE utf8_unicode_ci DEFAULT NULL,
  `googleplus` varchar(255) COLLATE utf8_unicode_ci DEFAULT NULL,
  PRIMARY KEY (`id`),
  KEY `IDX_E6E132B4F98F144A` (`logo_id`),
  CONSTRAINT `FK_E6E132B4F98F144A` FOREIGN KEY (`logo_id`) REFERENCES `media` (`id`)
) ENGINE=InnoDB AUTO_INCREMENT=2 DEFAULT CHARSET=utf8 COLLATE=utf8_unicode_ci;
/*!40101 SET character_set_client = @saved_cs_client */;

--
-- Dumping data for table `organisation`
--

LOCK TABLES `organisation` WRITE;
/*!40000 ALTER TABLE `organisation` DISABLE KEYS */;
INSERT INTO `organisation` VALUES (1,1,'GetMoving - Fiji','Omnis sit saepe corrupti vitae. Quia recusandae eligendi vel est.','<p>Pudding I love halvah I love apple pie jelly-o drag&eacute;e cake. Sesame snaps pudding tiramisu. Tiramisu I love I love sweet. Pudding fruitcake gummi bears apple pie macaroon gummies sweet jelly-o. Sesame snaps fruitcake drag&eacute;e lemon drops jelly-o lemon drops I love pastry croissant. Croissant caramels sugar plum caramels jelly-o. Cookie I love drag&eacute;e apple pie liquorice. Cake I love drag&eacute;e muffin tiramisu chocolate. Halvah tootsie roll jelly-o liquorice. Powder halvah I love bonbon bonbon caramels tart I love sesame snaps. I love I love fruitcake drag&eacute;e candy canes ice cream marzipan gummies. Pudding marshmallow bear claw chocolate I love sesame snaps.</p>','<p>Danish caramels sugar plum wafer topping cake I love cotton candy cake. Jujubes croissant I love cupcake candy canes marshmallow tootsie roll oat cake. Lemon drops tootsie roll biscuit. Icing sesame snaps souffl&eacute; brownie chocolate liquorice. Bonbon jelly beans croissant I love. Biscuit jujubes carrot cake fruitcake souffl&eacute;. Topping chocolate bar croissant sweet.</p>','Best value','fa-usd','Best service','fa-trophy','Best experience','fa-star','Made by volunteers','fa-graduation-cap',NULL,NULL,'<p>Sugar plum jelly bonbon croissant jujubes caramels jujubes cake. Topping chocolate gummies. Lollipop I love candy. Toffee candy canes sugar plum carrot cake. Muffin pie brownie sugar plum jelly donut. Cupcake tart souffl&eacute; topping gummies I love icing. Cheesecake jelly tootsie roll jelly-o I love. Cheesecake gummies pie. Icing icing pie souffl&eacute; gummi bears dessert bonbon candy canes. Sweet cheesecake sugar plum. Cupcake fruitcake icing dessert chocolate candy sugar plum. Tootsie roll I love marshmallow I love carrot cake marzipan chocolate bar marzipan.</p><h2>This why im hot</h2><p>Apple pie chupa chups jelly-o muffin apple pie chupa chups tart powder. Croissant chupa chups caramels I love lollipop chupa chups biscuit. I love sweet toffee marzipan cake macaroon jelly tiramisu candy canes. Candy marshmallow caramels tiramisu. Candy apple pie cake cake chupa chups macaroon jelly-o fruitcake powder. Brownie tootsie roll fruitcake wafer bear claw muffin I love cotton candy I love. Fruitcake marzipan gummi bears muffin cotton candy I love macaroon pudding. Chocolate marzipan wafer tart marzipan chocolate cake. Sweet bonbon tart sweet roll lollipop. Sweet roll icing gummies chupa chups pastry. Cookie chocolate halvah jujubes I love croissant tiramisu liquorice. Souffl&eacute; candy canes bonbon marshmallow caramels.</p>','For volunteers, by volunteers EPIC!','solution@carante.dk','c.kaiser.p@gmail.com','<p>Denmark</p><p>2860 - S&oslash;borg</p><p>S&oslash;borg Hovedgade 207</p><p>CVS, C/O Carante IVS</p>','GetMoving','GetMoving',NULL,'GetMoving','GetMoving','GetMoving',NULL);
/*!40000 ALTER TABLE `organisation` ENABLE KEYS */;
UNLOCK TABLES;

--
-- Table structure for table `program`
--

DROP TABLE IF EXISTS `program`;
/*!40101 SET @saved_cs_client     = @@character_set_client */;
/*!40101 SET character_set_client = utf8 */;
CREATE TABLE `program` (
  `id` int(11) NOT NULL AUTO_INCREMENT,
  `feature_id` int(11) DEFAULT NULL,
  `title` varchar(255) COLLATE utf8_unicode_ci NOT NULL,
  `teaser` varchar(255) COLLATE utf8_unicode_ci NOT NULL,
  `description` longtext COLLATE utf8_unicode_ci NOT NULL,
  `role` varchar(255) COLLATE utf8_unicode_ci NOT NULL,
  `location` varchar(255) COLLATE utf8_unicode_ci NOT NULL,
  `stay` varchar(255) COLLATE utf8_unicode_ci NOT NULL,
  `meals` varchar(255) COLLATE utf8_unicode_ci NOT NULL,
  `min_duration` int(11) NOT NULL,
  `price` int(11) NOT NULL,
  `start_date` date DEFAULT NULL,
  `flex_start` tinyint(1) DEFAULT NULL,
  `is_active` tinyint(1) NOT NULL,
  PRIMARY KEY (`id`),
  KEY `IDX_92ED778460E4B879` (`feature_id`),
  CONSTRAINT `FK_92ED778460E4B879` FOREIGN KEY (`feature_id`) REFERENCES `media` (`id`)
) ENGINE=InnoDB AUTO_INCREMENT=7 DEFAULT CHARSET=utf8 COLLATE=utf8_unicode_ci;
/*!40101 SET character_set_client = @saved_cs_client */;

--
-- Dumping data for table `program`
--

LOCK TABLES `program` WRITE;
/*!40000 ALTER TABLE `program` DISABLE KEYS */;
INSERT INTO `program` VALUES (1,4,'Cyclone Winston Rebuilding','This program is gonna be awesome! on a mission to make the form work splendidlyThis program is gonna be awesome! on a mission to make the form work splendidly','<h3 style=\"box-sizing: border-box; font-family: Cabin; line-height: 1.1; color: #363c48; margin-top: 26px; margin-bottom: 13px; font-size: 26px;\"><span style=\"box-sizing: border-box; color: #ff9900;\">Overview</span></h3><div class=\"paragraph\" style=\"box-sizing: border-box; color: #222324; font-family: Lato; font-size: 16px;\"><p style=\"box-sizing: border-box; margin: 0px 0px 20.8px;\"><span style=\"box-sizing: border-box; font-size: 14pt;\">On February 21, 2016 the largest cyclone ever recorded in the southern hemisphere tore through the Fijian islands, straight over the main island of Viti Levu with 650,000 population.</span></p><p style=\"box-sizing: border-box; margin: 0px 0px 20.8px;\"><span style=\"box-sizing: border-box; font-size: 14pt;\">Cyclone Winston, &nbsp;with wind gusts of 325kmh and waves up to 12m high left scenes of destruction with peoples homes and livelihoods devastated in the wake of the storm.</span></p><p style=\"box-sizing: border-box; margin: 0px 0px 20.8px;\"><span style=\"box-sizing: border-box; font-size: 14pt;\">The cyclone has caused widespread flash flooding and power outages, including in the country&rsquo;s capital of Suva. &nbsp;Entire outer island communities with weaker infrastructure have been completely destroyed and vulnerable to food and water scarcity and disease.</span></p></div><div class=\"paragraph\" style=\"box-sizing: border-box; color: #222324; font-family: Lato; font-size: 16px;\"><span style=\"box-sizing: border-box; font-size: 14pt;\">TC Winston devastated many sources of local livelihood especially in agricultural communities whose main source of income is farming. &nbsp;The outcome has forced many families to be homeless and dependent on relief goods and services. &nbsp;Tens of thousands of people have been forced from their homes and living in evacuation centers.</span></div><div class=\"paragraph\" style=\"box-sizing: border-box; color: #222324; font-family: Lato; font-size: 16px;\"><span style=\"box-sizing: border-box; font-size: 14pt;\">&nbsp;</span></div><div class=\"paragraph\" style=\"box-sizing: border-box; color: #222324; font-family: Lato; font-size: 16px;\"><span style=\"box-sizing: border-box; font-size: 14pt;\">&bull; The estimated recovery time is expected between 18 and 24 months</span><br style=\"box-sizing: border-box;\" /><span style=\"box-sizing: border-box; font-size: 14pt;\">&bull; Power won&rsquo;t be fully restored until August 2016</span><br style=\"box-sizing: border-box;\" /><span style=\"box-sizing: border-box; font-size: 14pt;\">&bull; The state of emergency ends 20MAR, however it&rsquo;s expected to be extended for another 1-2 months for some regions</span><br style=\"box-sizing: border-box;\" /><span style=\"box-sizing: border-box; font-size: 14pt;\">&bull; There is a severe lack of timber and seeds at the moment due to the agricultural damage caused by Winston</span><br style=\"box-sizing: border-box;\" /><span style=\"box-sizing: border-box; font-size: 14pt;\">&bull; Homes and businesses won&rsquo;t be touched for many weeks through the North Central regions</span><br style=\"box-sizing: border-box;\" /><span style=\"box-sizing: border-box; font-size: 14pt;\">&bull; The maritime Islands will take an extremely long time to assess as it&rsquo;s costing $20,000FJ per 3-4 day trip out there to assess them &ndash; some of these areas are catastrophically damaged compared to Viti Levu (main island)</span><br style=\"box-sizing: border-box;\" /><span style=\"box-sizing: border-box; font-size: 14pt;\">&bull; Sugar and Rice farming have also significantly suffered</span></div><div class=\"paragraph\" style=\"box-sizing: border-box; color: #222324; font-family: Lato; font-size: 16px;\"><h3 style=\"box-sizing: border-box; font-family: Cabin; line-height: 1.1; color: #363c48; margin-top: 26px; margin-bottom: 13px; font-size: 26px;\"><span style=\"box-sizing: border-box; color: #ff9900;\">Location</span></h3><div class=\"paragraph\" style=\"box-sizing: border-box;\"><span style=\"box-sizing: border-box; font-size: medium;\"><strong style=\"box-sizing: border-box;\">&nbsp;<span style=\"box-sizing: border-box; font-size: 14pt;\">Ovalau Island</span></strong><br style=\"box-sizing: border-box;\" /><span style=\"box-sizing: border-box; font-size: 14pt;\">You&rsquo;ll be working in Suva as well as coastal townships on the island of Ovalau (off the cost of Suva) which are some of the hardest hit regions in Fiji. &nbsp;Some towns have been completely destroyed. &nbsp;We&rsquo;re talking not a single house spared from disaster. &nbsp; The needs are so many at this time it&rsquo;s difficult to put into words. &nbsp;Here you are able to make a real difference regardless&nbsp;of your age, experience or background. &nbsp;</span></span></div></div><div class=\"paragraph\" style=\"box-sizing: border-box; color: #222324; font-family: Lato; font-size: 16px;\"><h3 style=\"box-sizing: border-box; font-family: Cabin; line-height: 1.1; color: #363c48; margin-top: 26px; margin-bottom: 13px; font-size: 26px;\"><span style=\"box-sizing: border-box; color: #ff9900;\">Project Tasks</span></h3></div><p>&nbsp;</p><div class=\"paragraph\" style=\"box-sizing: border-box; color: #222324; font-family: Lato; font-size: 16px; font-style: normal; font-variant-ligatures: normal; font-variant-caps: normal; font-weight: normal; letter-spacing: normal; orphans: 2; text-align: start; text-indent: 0px; text-transform: none; white-space: normal; widows: 2; word-spacing: 0px; -webkit-text-stroke-width: 0px; background-color: #ffffff;\"><p style=\"box-sizing: border-box; margin: 0px 0px 20.8px;\"><span style=\"box-sizing: border-box; font-size: 14pt;\">The following is a list of volunteer projects available</span></p>&nbsp;<ul style=\"box-sizing: border-box; margin-top: 0px; margin-bottom: 13px;\"><li style=\"box-sizing: border-box;\"><span style=\"box-sizing: border-box; font-size: 14pt;\"><span style=\"box-sizing: border-box; color: #5040ae;\"><strong style=\"box-sizing: border-box; font-weight: bold;\">Emergency Assistance &amp; Aid Materials</strong></span></span></li></ul><p style=\"box-sizing: border-box; margin: 0px 0px 20.8px;\"><span style=\"box-sizing: border-box; font-size: 14pt;\">We&rsquo;ll have you placed within government and privately affiliated disaster recovery agencies equipped to deal with the devastated communities providing emergency aid, clean-up services, medical care and support. &nbsp; Work along side local specialist aid agencies. &nbsp; &nbsp;We also request all incoming volunteers to&nbsp;carry whatever possible aid and relief material&nbsp;they are able to in the form of water, food,&nbsp;clothing, first aid, medicine, and much more.</span></p><ul style=\"box-sizing: border-box; margin-top: 0px; margin-bottom: 13px;\"><li style=\"box-sizing: border-box;\"><span style=\"box-sizing: border-box; font-size: 14pt;\"><span style=\"box-sizing: border-box; color: #5040ae;\"><strong style=\"box-sizing: border-box; font-weight: bold;\">Clean-up &amp; Rebuilding</strong></span></span></li></ul><p style=\"box-sizing: border-box; margin: 0px 0px 20.8px;\"><span style=\"box-sizing: border-box; font-size: 14pt;\">Work along side local tradesman and help rebuild homes and damaged community buildings. &nbsp;&nbsp;No specialist skills required, however tradespeople of all types (carpentry, plumbing, building, laborers, electricians etc) are in high demand.&nbsp;Several thousand people are&nbsp;homeless and there is also immense damage to&nbsp;public buildings, churches and homes. &nbsp; We&nbsp;need volunteers to help with&nbsp;rebuilding efforts, building makeshift&nbsp;accommodation and clearing of debris.</span></p><ul style=\"box-sizing: border-box; margin-top: 0px; margin-bottom: 13px;\"><li style=\"box-sizing: border-box;\"><span style=\"box-sizing: border-box; font-size: 14pt;\"><span style=\"box-sizing: border-box; color: #5040ae;\"><strong style=\"box-sizing: border-box; font-weight: bold;\">Healthcare and Medical</strong></span></span></li></ul><p style=\"box-sizing: border-box; margin: 0px 0px 20.8px;\"><span style=\"box-sizing: border-box; font-size: 14pt;\">There is a great need of medical volunteers in&nbsp;the form of doctors and nurses to administer&nbsp;basic first aid and treat people who have&nbsp;suffered trauma and injury. We also need&nbsp;medical volunteers to travel to rural areas and&nbsp;project locations to treat people in need.</span></p><ul style=\"box-sizing: border-box; margin-top: 0px; margin-bottom: 13px;\"><li style=\"box-sizing: border-box;\"><span style=\"box-sizing: border-box; font-size: 14pt;\"><span style=\"box-sizing: border-box; color: #5040ae;\"><strong style=\"box-sizing: border-box; font-weight: bold;\">Childcare &amp; Support</strong></span></span></li></ul><p style=\"box-sizing: border-box; margin: 0px 0px 20.8px;\"><span style=\"box-sizing: border-box; font-size: 14pt;\">The children at the projects we work with and&nbsp;others around the island who have been&nbsp;through this terrible ordeal would have&nbsp;suffered a great deal of trauma and loss.</span></p></div>','Cleaner and social assistant','Nadi, Fiji','Homestay','All meals',2,71,NULL,1,1),(2,14,'FijiLife Fitness assistant manager','Apple pie chupa chups jelly-o muffin apple pie chupa chups tart powder. Croissant chupa chups caramels I love lollipop chupa chups biscuit. I love sweet toffee marzipan cake macaroon jelly tiramisu candy canes','<h3 style=\"box-sizing: border-box; font-family: Cabin; line-height: 1.1; color: #363c48; margin-top: 26px; margin-bottom: 13px; font-size: 26px;\"><span style=\"box-sizing: border-box; color: #ff9900;\">Overview</span></h3><div class=\"paragraph\" style=\"box-sizing: border-box; color: #222324; font-family: Lato; font-size: 16px;\"><p style=\"box-sizing: border-box; margin: 0px 0px 20.8px;\"><span style=\"box-sizing: border-box; font-size: 14pt;\">On February 21, 2016 the largest cyclone ever recorded in the southern hemisphere tore through the Fijian islands, straight over the main island of Viti Levu with 650,000 population.</span></p><p style=\"box-sizing: border-box; margin: 0px 0px 20.8px;\"><span style=\"box-sizing: border-box; font-size: 14pt;\">Cyclone Winston, &nbsp;with wind gusts of 325kmh and waves up to 12m high left scenes of destruction with peoples homes and livelihoods devastated in the wake of the storm.</span></p><p style=\"box-sizing: border-box; margin: 0px 0px 20.8px;\"><span style=\"box-sizing: border-box; font-size: 14pt;\">The cyclone has caused widespread flash flooding and power outages, including in the country&rsquo;s capital of Suva. &nbsp;Entire outer island communities with weaker infrastructure have been completely destroyed and vulnerable to food and water scarcity and disease.</span></p></div><div class=\"paragraph\" style=\"box-sizing: border-box; color: #222324; font-family: Lato; font-size: 16px;\"><span style=\"box-sizing: border-box; font-size: 14pt;\">TC Winston devastated many sources of local livelihood especially in agricultural communities whose main source of income is farming. &nbsp;The outcome has forced many families to be homeless and dependent on relief goods and services. &nbsp;Tens of thousands of people have been forced from their homes and living in evacuation centers.</span></div><div class=\"paragraph\" style=\"box-sizing: border-box; color: #222324; font-family: Lato; font-size: 16px;\"><span style=\"box-sizing: border-box; font-size: 14pt;\">&nbsp;</span></div><div class=\"paragraph\" style=\"box-sizing: border-box; color: #222324; font-family: Lato; font-size: 16px;\"><span style=\"box-sizing: border-box; font-size: 14pt;\">&bull; The estimated recovery time is expected between 18 and 24 months</span><br style=\"box-sizing: border-box;\" /><span style=\"box-sizing: border-box; font-size: 14pt;\">&bull; Power won&rsquo;t be fully restored until August 2016</span><br style=\"box-sizing: border-box;\" /><span style=\"box-sizing: border-box; font-size: 14pt;\">&bull; The state of emergency ends 20MAR, however it&rsquo;s expected to be extended for another 1-2 months for some regions</span><br style=\"box-sizing: border-box;\" /><span style=\"box-sizing: border-box; font-size: 14pt;\">&bull; There is a severe lack of timber and seeds at the moment due to the agricultural damage caused by Winston</span><br style=\"box-sizing: border-box;\" /><span style=\"box-sizing: border-box; font-size: 14pt;\">&bull; Homes and businesses won&rsquo;t be touched for many weeks through the North Central regions</span><br style=\"box-sizing: border-box;\" /><span style=\"box-sizing: border-box; font-size: 14pt;\">&bull; The maritime Islands will take an extremely long time to assess as it&rsquo;s costing $20,000FJ per 3-4 day trip out there to assess them &ndash; some of these areas are catastrophically damaged compared to Viti Levu (main island)</span><br style=\"box-sizing: border-box;\" /><span style=\"box-sizing: border-box; font-size: 14pt;\">&bull; Sugar and Rice farming have also significantly suffered</span></div><div class=\"paragraph\" style=\"box-sizing: border-box; color: #222324; font-family: Lato; font-size: 16px;\"><h3 style=\"box-sizing: border-box; font-family: Cabin; line-height: 1.1; color: #363c48; margin-top: 26px; margin-bottom: 13px; font-size: 26px;\"><span style=\"box-sizing: border-box; color: #ff9900;\">Location</span></h3><div class=\"paragraph\" style=\"box-sizing: border-box;\"><span style=\"box-sizing: border-box; font-size: medium;\"><strong style=\"box-sizing: border-box;\">&nbsp;<span style=\"box-sizing: border-box; font-size: 14pt;\">Ovalau Island</span></strong><br style=\"box-sizing: border-box;\" /><span style=\"box-sizing: border-box; font-size: 14pt;\">You&rsquo;ll be working in Suva as well as coastal townships on the island of Ovalau (off the cost of Suva) which are some of the hardest hit regions in Fiji. &nbsp;Some towns have been completely destroyed. &nbsp;We&rsquo;re talking not a single house spared from disaster. &nbsp; The needs are so many at this time it&rsquo;s difficult to put into words. &nbsp;Here you are able to make a real difference regardless&nbsp;of your age, experience or background. &nbsp;</span></span></div></div><div class=\"paragraph\" style=\"box-sizing: border-box; color: #222324; font-family: Lato; font-size: 16px;\"><h3 style=\"box-sizing: border-box; font-family: Cabin; line-height: 1.1; color: #363c48; margin-top: 26px; margin-bottom: 13px; font-size: 26px;\"><span style=\"box-sizing: border-box; color: #ff9900;\">Project Tasks</span></h3></div><p>&nbsp;</p><div class=\"paragraph\" style=\"box-sizing: border-box; color: #222324; font-family: Lato; font-size: 16px; font-style: normal; font-variant-ligatures: normal; font-variant-caps: normal; font-weight: normal; letter-spacing: normal; orphans: 2; text-align: start; text-indent: 0px; text-transform: none; white-space: normal; widows: 2; word-spacing: 0px; -webkit-text-stroke-width: 0px; background-color: #ffffff;\"><p style=\"box-sizing: border-box; margin: 0px 0px 20.8px;\"><span style=\"box-sizing: border-box; font-size: 14pt;\">The following is a list of volunteer projects available</span></p>&nbsp;<ul style=\"box-sizing: border-box; margin-top: 0px; margin-bottom: 13px;\"><li style=\"box-sizing: border-box;\"><span style=\"box-sizing: border-box; font-size: 14pt;\"><span style=\"box-sizing: border-box; color: #5040ae;\"><strong style=\"box-sizing: border-box; font-weight: bold;\">Emergency Assistance &amp; Aid Materials</strong></span></span></li></ul><p style=\"box-sizing: border-box; margin: 0px 0px 20.8px;\"><span style=\"box-sizing: border-box; font-size: 14pt;\">We&rsquo;ll have you placed within government and privately affiliated disaster recovery agencies equipped to deal with the devastated communities providing emergency aid, clean-up services, medical care and support. &nbsp; Work along side local specialist aid agencies. &nbsp; &nbsp;We also request all incoming volunteers to&nbsp;carry whatever possible aid and relief material&nbsp;they are able to in the form of water, food,&nbsp;clothing, first aid, medicine, and much more.</span></p><ul style=\"box-sizing: border-box; margin-top: 0px; margin-bottom: 13px;\"><li style=\"box-sizing: border-box;\"><span style=\"box-sizing: border-box; font-size: 14pt;\"><span style=\"box-sizing: border-box; color: #5040ae;\"><strong style=\"box-sizing: border-box; font-weight: bold;\">Clean-up &amp; Rebuilding</strong></span></span></li></ul><p style=\"box-sizing: border-box; margin: 0px 0px 20.8px;\"><span style=\"box-sizing: border-box; font-size: 14pt;\">Work along side local tradesman and help rebuild homes and damaged community buildings. &nbsp;&nbsp;No specialist skills required, however tradespeople of all types (carpentry, plumbing, building, laborers, electricians etc) are in high demand.&nbsp;Several thousand people are&nbsp;homeless and there is also immense damage to&nbsp;public buildings, churches and homes. &nbsp; We&nbsp;need volunteers to help with&nbsp;rebuilding efforts, building makeshift&nbsp;accommodation and clearing of debris.</span></p><ul style=\"box-sizing: border-box; margin-top: 0px; margin-bottom: 13px;\"><li style=\"box-sizing: border-box;\"><span style=\"box-sizing: border-box; font-size: 14pt;\"><span style=\"box-sizing: border-box; color: #5040ae;\"><strong style=\"box-sizing: border-box; font-weight: bold;\">Healthcare and Medical</strong></span></span></li></ul><p style=\"box-sizing: border-box; margin: 0px 0px 20.8px;\"><span style=\"box-sizing: border-box; font-size: 14pt;\">There is a great need of medical volunteers in&nbsp;the form of doctors and nurses to administer&nbsp;basic first aid and treat people who have&nbsp;suffered trauma and injury. We also need&nbsp;medical volunteers to travel to rural areas and&nbsp;project locations to treat people in need.</span></p><ul style=\"box-sizing: border-box; margin-top: 0px; margin-bottom: 13px;\"><li style=\"box-sizing: border-box;\"><span style=\"box-sizing: border-box; font-size: 14pt;\"><span style=\"box-sizing: border-box; color: #5040ae;\"><strong style=\"box-sizing: border-box; font-weight: bold;\">Childcare &amp; Support</strong></span></span></li></ul><p style=\"box-sizing: border-box; margin: 0px 0px 20.8px;\"><span style=\"box-sizing: border-box; font-size: 14pt;\">The children at the projects we work with and&nbsp;others around the island who have been&nbsp;through this terrible ordeal would have&nbsp;suffered a great deal of trauma and loss.</span></p></div>','Business manager','Martintar, Fiji','Homestay','Dinner',10,52,NULL,1,1),(3,10,'Teaching local school kids in various subjects','Pudding I love halvah I love apple pie jelly-o dragée cake. Sesame snaps pudding tiramisu. Tiramisu I love I love sweet. Pudding fruitcake gummi bears apple pie macaroon gummies sweet jelly-o','<h3 style=\"box-sizing: border-box; font-family: Cabin; line-height: 1.1; color: #363c48; margin-top: 26px; margin-bottom: 13px; font-size: 26px;\"><span style=\"box-sizing: border-box; color: #ff9900;\">Overview</span></h3><div class=\"paragraph\" style=\"box-sizing: border-box; color: #222324; font-family: Lato; font-size: 16px;\"><p style=\"box-sizing: border-box; margin: 0px 0px 20.8px;\"><span style=\"box-sizing: border-box; font-size: 14pt;\">On February 21, 2016 the largest cyclone ever recorded in the southern hemisphere tore through the Fijian islands, straight over the main island of Viti Levu with 650,000 population.</span></p><p style=\"box-sizing: border-box; margin: 0px 0px 20.8px;\"><span style=\"box-sizing: border-box; font-size: 14pt;\">Cyclone Winston, &nbsp;with wind gusts of 325kmh and waves up to 12m high left scenes of destruction with peoples homes and livelihoods devastated in the wake of the storm.</span></p><p style=\"box-sizing: border-box; margin: 0px 0px 20.8px;\"><span style=\"box-sizing: border-box; font-size: 14pt;\">The cyclone has caused widespread flash flooding and power outages, including in the country&rsquo;s capital of Suva. &nbsp;Entire outer island communities with weaker infrastructure have been completely destroyed and vulnerable to food and water scarcity and disease.</span></p></div><div class=\"paragraph\" style=\"box-sizing: border-box; color: #222324; font-family: Lato; font-size: 16px;\"><span style=\"box-sizing: border-box; font-size: 14pt;\">TC Winston devastated many sources of local livelihood especially in agricultural communities whose main source of income is farming. &nbsp;The outcome has forced many families to be homeless and dependent on relief goods and services. &nbsp;Tens of thousands of people have been forced from their homes and living in evacuation centers.</span></div><div class=\"paragraph\" style=\"box-sizing: border-box; color: #222324; font-family: Lato; font-size: 16px;\"><span style=\"box-sizing: border-box; font-size: 14pt;\">&nbsp;</span></div><div class=\"paragraph\" style=\"box-sizing: border-box; color: #222324; font-family: Lato; font-size: 16px;\"><span style=\"box-sizing: border-box; font-size: 14pt;\">&bull; The estimated recovery time is expected between 18 and 24 months</span><br style=\"box-sizing: border-box;\" /><span style=\"box-sizing: border-box; font-size: 14pt;\">&bull; Power won&rsquo;t be fully restored until August 2016</span><br style=\"box-sizing: border-box;\" /><span style=\"box-sizing: border-box; font-size: 14pt;\">&bull; The state of emergency ends 20MAR, however it&rsquo;s expected to be extended for another 1-2 months for some regions</span><br style=\"box-sizing: border-box;\" /><span style=\"box-sizing: border-box; font-size: 14pt;\">&bull; There is a severe lack of timber and seeds at the moment due to the agricultural damage caused by Winston</span><br style=\"box-sizing: border-box;\" /><span style=\"box-sizing: border-box; font-size: 14pt;\">&bull; Homes and businesses won&rsquo;t be touched for many weeks through the North Central regions</span><br style=\"box-sizing: border-box;\" /><span style=\"box-sizing: border-box; font-size: 14pt;\">&bull; The maritime Islands will take an extremely long time to assess as it&rsquo;s costing $20,000FJ per 3-4 day trip out there to assess them &ndash; some of these areas are catastrophically damaged compared to Viti Levu (main island)</span><br style=\"box-sizing: border-box;\" /><span style=\"box-sizing: border-box; font-size: 14pt;\">&bull; Sugar and Rice farming have also significantly suffered</span></div><div class=\"paragraph\" style=\"box-sizing: border-box; color: #222324; font-family: Lato; font-size: 16px;\"><h3 style=\"box-sizing: border-box; font-family: Cabin; line-height: 1.1; color: #363c48; margin-top: 26px; margin-bottom: 13px; font-size: 26px;\"><span style=\"box-sizing: border-box; color: #ff9900;\">Location</span></h3><div class=\"paragraph\" style=\"box-sizing: border-box;\"><span style=\"box-sizing: border-box; font-size: medium;\"><strong style=\"box-sizing: border-box;\">&nbsp;<span style=\"box-sizing: border-box; font-size: 14pt;\">Ovalau Island</span></strong><br style=\"box-sizing: border-box;\" /><span style=\"box-sizing: border-box; font-size: 14pt;\">You&rsquo;ll be working in Suva as well as coastal townships on the island of Ovalau (off the cost of Suva) which are some of the hardest hit regions in Fiji. &nbsp;Some towns have been completely destroyed. &nbsp;We&rsquo;re talking not a single house spared from disaster. &nbsp; The needs are so many at this time it&rsquo;s difficult to put into words. &nbsp;Here you are able to make a real difference regardless&nbsp;of your age, experience or background. &nbsp;</span></span></div></div><div class=\"paragraph\" style=\"box-sizing: border-box; color: #222324; font-family: Lato; font-size: 16px;\"><h3 style=\"box-sizing: border-box; font-family: Cabin; line-height: 1.1; color: #363c48; margin-top: 26px; margin-bottom: 13px; font-size: 26px;\"><span style=\"box-sizing: border-box; color: #ff9900;\">Project Tasks</span></h3></div><p>&nbsp;</p><div class=\"paragraph\" style=\"box-sizing: border-box; color: #222324; font-family: Lato; font-size: 16px; font-style: normal; font-variant-ligatures: normal; font-variant-caps: normal; font-weight: normal; letter-spacing: normal; orphans: 2; text-align: start; text-indent: 0px; text-transform: none; white-space: normal; widows: 2; word-spacing: 0px; -webkit-text-stroke-width: 0px; background-color: #ffffff;\"><p style=\"box-sizing: border-box; margin: 0px 0px 20.8px;\"><span style=\"box-sizing: border-box; font-size: 14pt;\">The following is a list of volunteer projects available</span></p>&nbsp;<ul style=\"box-sizing: border-box; margin-top: 0px; margin-bottom: 13px;\"><li style=\"box-sizing: border-box;\"><span style=\"box-sizing: border-box; font-size: 14pt;\"><span style=\"box-sizing: border-box; color: #5040ae;\"><strong style=\"box-sizing: border-box; font-weight: bold;\">Emergency Assistance &amp; Aid Materials</strong></span></span></li></ul><p style=\"box-sizing: border-box; margin: 0px 0px 20.8px;\"><span style=\"box-sizing: border-box; font-size: 14pt;\">We&rsquo;ll have you placed within government and privately affiliated disaster recovery agencies equipped to deal with the devastated communities providing emergency aid, clean-up services, medical care and support. &nbsp; Work along side local specialist aid agencies. &nbsp; &nbsp;We also request all incoming volunteers to&nbsp;carry whatever possible aid and relief material&nbsp;they are able to in the form of water, food,&nbsp;clothing, first aid, medicine, and much more.</span></p><ul style=\"box-sizing: border-box; margin-top: 0px; margin-bottom: 13px;\"><li style=\"box-sizing: border-box;\"><span style=\"box-sizing: border-box; font-size: 14pt;\"><span style=\"box-sizing: border-box; color: #5040ae;\"><strong style=\"box-sizing: border-box; font-weight: bold;\">Clean-up &amp; Rebuilding</strong></span></span></li></ul><p style=\"box-sizing: border-box; margin: 0px 0px 20.8px;\"><span style=\"box-sizing: border-box; font-size: 14pt;\">Work along side local tradesman and help rebuild homes and damaged community buildings. &nbsp;&nbsp;No specialist skills required, however tradespeople of all types (carpentry, plumbing, building, laborers, electricians etc) are in high demand.&nbsp;Several thousand people are&nbsp;homeless and there is also immense damage to&nbsp;public buildings, churches and homes. &nbsp; We&nbsp;need volunteers to help with&nbsp;rebuilding efforts, building makeshift&nbsp;accommodation and clearing of debris.</span></p><ul style=\"box-sizing: border-box; margin-top: 0px; margin-bottom: 13px;\"><li style=\"box-sizing: border-box;\"><span style=\"box-sizing: border-box; font-size: 14pt;\"><span style=\"box-sizing: border-box; color: #5040ae;\"><strong style=\"box-sizing: border-box; font-weight: bold;\">Healthcare and Medical</strong></span></span></li></ul><p style=\"box-sizing: border-box; margin: 0px 0px 20.8px;\"><span style=\"box-sizing: border-box; font-size: 14pt;\">There is a great need of medical volunteers in&nbsp;the form of doctors and nurses to administer&nbsp;basic first aid and treat people who have&nbsp;suffered trauma and injury. We also need&nbsp;medical volunteers to travel to rural areas and&nbsp;project locations to treat people in need.</span></p><ul style=\"box-sizing: border-box; margin-top: 0px; margin-bottom: 13px;\"><li style=\"box-sizing: border-box;\"><span style=\"box-sizing: border-box; font-size: 14pt;\"><span style=\"box-sizing: border-box; color: #5040ae;\"><strong style=\"box-sizing: border-box; font-weight: bold;\">Childcare &amp; Support</strong></span></span></li></ul><p style=\"box-sizing: border-box; margin: 0px 0px 20.8px;\"><span style=\"box-sizing: border-box; font-size: 14pt;\">The children at the projects we work with and&nbsp;others around the island who have been&nbsp;through this terrible ordeal would have&nbsp;suffered a great deal of trauma and loss.</span></p></div>','Assisting teacher','Nadi, Fiji','Homestay','Dinner',5,156,'2017-04-19',0,1),(4,2,'Orphanage helper','Sesame snaps fruitcake dragée lemon drops jelly-o lemon drops I love pastry croissant. Croissant caramels sugar plum caramels jelly-o. Cookie I love dragée apple pie liquorice','<h3 style=\"box-sizing: border-box; font-family: Cabin; line-height: 1.1; color: #363c48; margin-top: 26px; margin-bottom: 13px; font-size: 26px;\"><span style=\"box-sizing: border-box; color: #ff9900;\">Overview</span></h3><div class=\"paragraph\" style=\"box-sizing: border-box; color: #222324; font-family: Lato; font-size: 16px;\"><p style=\"box-sizing: border-box; margin: 0px 0px 20.8px;\"><span style=\"box-sizing: border-box; font-size: 14pt;\">On February 21, 2016 the largest cyclone ever recorded in the southern hemisphere tore through the Fijian islands, straight over the main island of Viti Levu with 650,000 population.</span></p><p style=\"box-sizing: border-box; margin: 0px 0px 20.8px;\"><span style=\"box-sizing: border-box; font-size: 14pt;\">Cyclone Winston, &nbsp;with wind gusts of 325kmh and waves up to 12m high left scenes of destruction with peoples homes and livelihoods devastated in the wake of the storm.</span></p><p style=\"box-sizing: border-box; margin: 0px 0px 20.8px;\"><span style=\"box-sizing: border-box; font-size: 14pt;\">The cyclone has caused widespread flash flooding and power outages, including in the country&rsquo;s capital of Suva. &nbsp;Entire outer island communities with weaker infrastructure have been completely destroyed and vulnerable to food and water scarcity and disease.</span></p></div><div class=\"paragraph\" style=\"box-sizing: border-box; color: #222324; font-family: Lato; font-size: 16px;\"><span style=\"box-sizing: border-box; font-size: 14pt;\">TC Winston devastated many sources of local livelihood especially in agricultural communities whose main source of income is farming. &nbsp;The outcome has forced many families to be homeless and dependent on relief goods and services. &nbsp;Tens of thousands of people have been forced from their homes and living in evacuation centers.</span></div><div class=\"paragraph\" style=\"box-sizing: border-box; color: #222324; font-family: Lato; font-size: 16px;\"><span style=\"box-sizing: border-box; font-size: 14pt;\">&nbsp;</span></div><div class=\"paragraph\" style=\"box-sizing: border-box; color: #222324; font-family: Lato; font-size: 16px;\"><span style=\"box-sizing: border-box; font-size: 14pt;\">&bull; The estimated recovery time is expected between 18 and 24 months</span><br style=\"box-sizing: border-box;\" /><span style=\"box-sizing: border-box; font-size: 14pt;\">&bull; Power won&rsquo;t be fully restored until August 2016</span><br style=\"box-sizing: border-box;\" /><span style=\"box-sizing: border-box; font-size: 14pt;\">&bull; The state of emergency ends 20MAR, however it&rsquo;s expected to be extended for another 1-2 months for some regions</span><br style=\"box-sizing: border-box;\" /><span style=\"box-sizing: border-box; font-size: 14pt;\">&bull; There is a severe lack of timber and seeds at the moment due to the agricultural damage caused by Winston</span><br style=\"box-sizing: border-box;\" /><span style=\"box-sizing: border-box; font-size: 14pt;\">&bull; Homes and businesses won&rsquo;t be touched for many weeks through the North Central regions</span><br style=\"box-sizing: border-box;\" /><span style=\"box-sizing: border-box; font-size: 14pt;\">&bull; The maritime Islands will take an extremely long time to assess as it&rsquo;s costing $20,000FJ per 3-4 day trip out there to assess them &ndash; some of these areas are catastrophically damaged compared to Viti Levu (main island)</span><br style=\"box-sizing: border-box;\" /><span style=\"box-sizing: border-box; font-size: 14pt;\">&bull; Sugar and Rice farming have also significantly suffered</span></div><div class=\"paragraph\" style=\"box-sizing: border-box; color: #222324; font-family: Lato; font-size: 16px;\"><h3 style=\"box-sizing: border-box; font-family: Cabin; line-height: 1.1; color: #363c48; margin-top: 26px; margin-bottom: 13px; font-size: 26px;\"><span style=\"box-sizing: border-box; color: #ff9900;\">Location</span></h3><div class=\"paragraph\" style=\"box-sizing: border-box;\"><span style=\"box-sizing: border-box; font-size: medium;\"><strong style=\"box-sizing: border-box;\">&nbsp;<span style=\"box-sizing: border-box; font-size: 14pt;\">Ovalau Island</span></strong><br style=\"box-sizing: border-box;\" /><span style=\"box-sizing: border-box; font-size: 14pt;\">You&rsquo;ll be working in Suva as well as coastal townships on the island of Ovalau (off the cost of Suva) which are some of the hardest hit regions in Fiji. &nbsp;Some towns have been completely destroyed. &nbsp;We&rsquo;re talking not a single house spared from disaster. &nbsp; The needs are so many at this time it&rsquo;s difficult to put into words. &nbsp;Here you are able to make a real difference regardless&nbsp;of your age, experience or background. &nbsp;</span></span></div></div><div class=\"paragraph\" style=\"box-sizing: border-box; color: #222324; font-family: Lato; font-size: 16px;\"><h3 style=\"box-sizing: border-box; font-family: Cabin; line-height: 1.1; color: #363c48; margin-top: 26px; margin-bottom: 13px; font-size: 26px;\"><span style=\"box-sizing: border-box; color: #ff9900;\">Project Tasks</span></h3></div><p>&nbsp;</p><div class=\"paragraph\" style=\"box-sizing: border-box; color: #222324; font-family: Lato; font-size: 16px; font-style: normal; font-variant-ligatures: normal; font-variant-caps: normal; font-weight: normal; letter-spacing: normal; orphans: 2; text-align: start; text-indent: 0px; text-transform: none; white-space: normal; widows: 2; word-spacing: 0px; -webkit-text-stroke-width: 0px; background-color: #ffffff;\"><p style=\"box-sizing: border-box; margin: 0px 0px 20.8px;\"><span style=\"box-sizing: border-box; font-size: 14pt;\">The following is a list of volunteer projects available</span></p>&nbsp;<ul style=\"box-sizing: border-box; margin-top: 0px; margin-bottom: 13px;\"><li style=\"box-sizing: border-box;\"><span style=\"box-sizing: border-box; font-size: 14pt;\"><span style=\"box-sizing: border-box; color: #5040ae;\"><strong style=\"box-sizing: border-box; font-weight: bold;\">Emergency Assistance &amp; Aid Materials</strong></span></span></li></ul><p style=\"box-sizing: border-box; margin: 0px 0px 20.8px;\"><span style=\"box-sizing: border-box; font-size: 14pt;\">We&rsquo;ll have you placed within government and privately affiliated disaster recovery agencies equipped to deal with the devastated communities providing emergency aid, clean-up services, medical care and support. &nbsp; Work along side local specialist aid agencies. &nbsp; &nbsp;We also request all incoming volunteers to&nbsp;carry whatever possible aid and relief material&nbsp;they are able to in the form of water, food,&nbsp;clothing, first aid, medicine, and much more.</span></p><ul style=\"box-sizing: border-box; margin-top: 0px; margin-bottom: 13px;\"><li style=\"box-sizing: border-box;\"><span style=\"box-sizing: border-box; font-size: 14pt;\"><span style=\"box-sizing: border-box; color: #5040ae;\"><strong style=\"box-sizing: border-box; font-weight: bold;\">Clean-up &amp; Rebuilding</strong></span></span></li></ul><p style=\"box-sizing: border-box; margin: 0px 0px 20.8px;\"><span style=\"box-sizing: border-box; font-size: 14pt;\">Work along side local tradesman and help rebuild homes and damaged community buildings. &nbsp;&nbsp;No specialist skills required, however tradespeople of all types (carpentry, plumbing, building, laborers, electricians etc) are in high demand.&nbsp;Several thousand people are&nbsp;homeless and there is also immense damage to&nbsp;public buildings, churches and homes. &nbsp; We&nbsp;need volunteers to help with&nbsp;rebuilding efforts, building makeshift&nbsp;accommodation and clearing of debris.</span></p><ul style=\"box-sizing: border-box; margin-top: 0px; margin-bottom: 13px;\"><li style=\"box-sizing: border-box;\"><span style=\"box-sizing: border-box; font-size: 14pt;\"><span style=\"box-sizing: border-box; color: #5040ae;\"><strong style=\"box-sizing: border-box; font-weight: bold;\">Healthcare and Medical</strong></span></span></li></ul><p style=\"box-sizing: border-box; margin: 0px 0px 20.8px;\"><span style=\"box-sizing: border-box; font-size: 14pt;\">There is a great need of medical volunteers in&nbsp;the form of doctors and nurses to administer&nbsp;basic first aid and treat people who have&nbsp;suffered trauma and injury. We also need&nbsp;medical volunteers to travel to rural areas and&nbsp;project locations to treat people in need.</span></p><ul style=\"box-sizing: border-box; margin-top: 0px; margin-bottom: 13px;\"><li style=\"box-sizing: border-box;\"><span style=\"box-sizing: border-box; font-size: 14pt;\"><span style=\"box-sizing: border-box; color: #5040ae;\"><strong style=\"box-sizing: border-box; font-weight: bold;\">Childcare &amp; Support</strong></span></span></li></ul><p style=\"box-sizing: border-box; margin: 0px 0px 20.8px;\"><span style=\"box-sizing: border-box; font-size: 14pt;\">The children at the projects we work with and&nbsp;others around the island who have been&nbsp;through this terrible ordeal would have&nbsp;suffered a great deal of trauma and loss.</span></p></div>','Caretaker of orphanange','Suva, Fiji','Hotel','Breakfast',11,74,'2017-09-14',0,0),(5,8,'Medical awareness maker','Apple pie chupa chups jelly-o muffin apple pie chupa chups tart powder. Croissant chupa chups caramels I love lollipop chupa chups biscuit. I love sweet toffee marzipan cake macaroon jelly tiramisu candy canes','<h3 style=\"box-sizing: border-box; font-family: Cabin; line-height: 1.1; color: #363c48; margin-top: 26px; margin-bottom: 13px; font-size: 26px;\"><span style=\"box-sizing: border-box; color: #ff9900;\">Overview</span></h3><div class=\"paragraph\" style=\"box-sizing: border-box; color: #222324; font-family: Lato; font-size: 16px;\"><p style=\"box-sizing: border-box; margin: 0px 0px 20.8px;\"><span style=\"box-sizing: border-box; font-size: 14pt;\">On February 21, 2016 the largest cyclone ever recorded in the southern hemisphere tore through the Fijian islands, straight over the main island of Viti Levu with 650,000 population.</span></p><p style=\"box-sizing: border-box; margin: 0px 0px 20.8px;\"><span style=\"box-sizing: border-box; font-size: 14pt;\">Cyclone Winston, &nbsp;with wind gusts of 325kmh and waves up to 12m high left scenes of destruction with peoples homes and livelihoods devastated in the wake of the storm.</span></p><p style=\"box-sizing: border-box; margin: 0px 0px 20.8px;\"><span style=\"box-sizing: border-box; font-size: 14pt;\">The cyclone has caused widespread flash flooding and power outages, including in the country&rsquo;s capital of Suva. &nbsp;Entire outer island communities with weaker infrastructure have been completely destroyed and vulnerable to food and water scarcity and disease.</span></p></div><div class=\"paragraph\" style=\"box-sizing: border-box; color: #222324; font-family: Lato; font-size: 16px;\"><span style=\"box-sizing: border-box; font-size: 14pt;\">TC Winston devastated many sources of local livelihood especially in agricultural communities whose main source of income is farming. &nbsp;The outcome has forced many families to be homeless and dependent on relief goods and services. &nbsp;Tens of thousands of people have been forced from their homes and living in evacuation centers.</span></div><div class=\"paragraph\" style=\"box-sizing: border-box; color: #222324; font-family: Lato; font-size: 16px;\"><span style=\"box-sizing: border-box; font-size: 14pt;\">&nbsp;</span></div><div class=\"paragraph\" style=\"box-sizing: border-box; color: #222324; font-family: Lato; font-size: 16px;\"><span style=\"box-sizing: border-box; font-size: 14pt;\">&bull; The estimated recovery time is expected between 18 and 24 months</span><br style=\"box-sizing: border-box;\" /><span style=\"box-sizing: border-box; font-size: 14pt;\">&bull; Power won&rsquo;t be fully restored until August 2016</span><br style=\"box-sizing: border-box;\" /><span style=\"box-sizing: border-box; font-size: 14pt;\">&bull; The state of emergency ends 20MAR, however it&rsquo;s expected to be extended for another 1-2 months for some regions</span><br style=\"box-sizing: border-box;\" /><span style=\"box-sizing: border-box; font-size: 14pt;\">&bull; There is a severe lack of timber and seeds at the moment due to the agricultural damage caused by Winston</span><br style=\"box-sizing: border-box;\" /><span style=\"box-sizing: border-box; font-size: 14pt;\">&bull; Homes and businesses won&rsquo;t be touched for many weeks through the North Central regions</span><br style=\"box-sizing: border-box;\" /><span style=\"box-sizing: border-box; font-size: 14pt;\">&bull; The maritime Islands will take an extremely long time to assess as it&rsquo;s costing $20,000FJ per 3-4 day trip out there to assess them &ndash; some of these areas are catastrophically damaged compared to Viti Levu (main island)</span><br style=\"box-sizing: border-box;\" /><span style=\"box-sizing: border-box; font-size: 14pt;\">&bull; Sugar and Rice farming have also significantly suffered</span></div><div class=\"paragraph\" style=\"box-sizing: border-box; color: #222324; font-family: Lato; font-size: 16px;\"><h3 style=\"box-sizing: border-box; font-family: Cabin; line-height: 1.1; color: #363c48; margin-top: 26px; margin-bottom: 13px; font-size: 26px;\"><span style=\"box-sizing: border-box; color: #ff9900;\">Location</span></h3><div class=\"paragraph\" style=\"box-sizing: border-box;\"><span style=\"box-sizing: border-box; font-size: medium;\"><strong style=\"box-sizing: border-box;\">&nbsp;<span style=\"box-sizing: border-box; font-size: 14pt;\">Ovalau Island</span></strong><br style=\"box-sizing: border-box;\" /><span style=\"box-sizing: border-box; font-size: 14pt;\">You&rsquo;ll be working in Suva as well as coastal townships on the island of Ovalau (off the cost of Suva) which are some of the hardest hit regions in Fiji. &nbsp;Some towns have been completely destroyed. &nbsp;We&rsquo;re talking not a single house spared from disaster. &nbsp; The needs are so many at this time it&rsquo;s difficult to put into words. &nbsp;Here you are able to make a real difference regardless&nbsp;of your age, experience or background. &nbsp;</span></span></div></div><div class=\"paragraph\" style=\"box-sizing: border-box; color: #222324; font-family: Lato; font-size: 16px;\"><h3 style=\"box-sizing: border-box; font-family: Cabin; line-height: 1.1; color: #363c48; margin-top: 26px; margin-bottom: 13px; font-size: 26px;\"><span style=\"box-sizing: border-box; color: #ff9900;\">Project Tasks</span></h3></div><p>&nbsp;</p><div class=\"paragraph\" style=\"box-sizing: border-box; color: #222324; font-family: Lato; font-size: 16px; font-style: normal; font-variant-ligatures: normal; font-variant-caps: normal; font-weight: normal; letter-spacing: normal; orphans: 2; text-align: start; text-indent: 0px; text-transform: none; white-space: normal; widows: 2; word-spacing: 0px; -webkit-text-stroke-width: 0px; background-color: #ffffff;\"><p style=\"box-sizing: border-box; margin: 0px 0px 20.8px;\"><span style=\"box-sizing: border-box; font-size: 14pt;\">The following is a list of volunteer projects available</span></p>&nbsp;<ul style=\"box-sizing: border-box; margin-top: 0px; margin-bottom: 13px;\"><li style=\"box-sizing: border-box;\"><span style=\"box-sizing: border-box; font-size: 14pt;\"><span style=\"box-sizing: border-box; color: #5040ae;\"><strong style=\"box-sizing: border-box; font-weight: bold;\">Emergency Assistance &amp; Aid Materials</strong></span></span></li></ul><p style=\"box-sizing: border-box; margin: 0px 0px 20.8px;\"><span style=\"box-sizing: border-box; font-size: 14pt;\">We&rsquo;ll have you placed within government and privately affiliated disaster recovery agencies equipped to deal with the devastated communities providing emergency aid, clean-up services, medical care and support. &nbsp; Work along side local specialist aid agencies. &nbsp; &nbsp;We also request all incoming volunteers to&nbsp;carry whatever possible aid and relief material&nbsp;they are able to in the form of water, food,&nbsp;clothing, first aid, medicine, and much more.</span></p><ul style=\"box-sizing: border-box; margin-top: 0px; margin-bottom: 13px;\"><li style=\"box-sizing: border-box;\"><span style=\"box-sizing: border-box; font-size: 14pt;\"><span style=\"box-sizing: border-box; color: #5040ae;\"><strong style=\"box-sizing: border-box; font-weight: bold;\">Clean-up &amp; Rebuilding</strong></span></span></li></ul><p style=\"box-sizing: border-box; margin: 0px 0px 20.8px;\"><span style=\"box-sizing: border-box; font-size: 14pt;\">Work along side local tradesman and help rebuild homes and damaged community buildings. &nbsp;&nbsp;No specialist skills required, however tradespeople of all types (carpentry, plumbing, building, laborers, electricians etc) are in high demand.&nbsp;Several thousand people are&nbsp;homeless and there is also immense damage to&nbsp;public buildings, churches and homes. &nbsp; We&nbsp;need volunteers to help with&nbsp;rebuilding efforts, building makeshift&nbsp;accommodation and clearing of debris.</span></p><ul style=\"box-sizing: border-box; margin-top: 0px; margin-bottom: 13px;\"><li style=\"box-sizing: border-box;\"><span style=\"box-sizing: border-box; font-size: 14pt;\"><span style=\"box-sizing: border-box; color: #5040ae;\"><strong style=\"box-sizing: border-box; font-weight: bold;\">Healthcare and Medical</strong></span></span></li></ul><p style=\"box-sizing: border-box; margin: 0px 0px 20.8px;\"><span style=\"box-sizing: border-box; font-size: 14pt;\">There is a great need of medical volunteers in&nbsp;the form of doctors and nurses to administer&nbsp;basic first aid and treat people who have&nbsp;suffered trauma and injury. We also need&nbsp;medical volunteers to travel to rural areas and&nbsp;project locations to treat people in need.</span></p><ul style=\"box-sizing: border-box; margin-top: 0px; margin-bottom: 13px;\"><li style=\"box-sizing: border-box;\"><span style=\"box-sizing: border-box; font-size: 14pt;\"><span style=\"box-sizing: border-box; color: #5040ae;\"><strong style=\"box-sizing: border-box; font-weight: bold;\">Childcare &amp; Support</strong></span></span></li></ul><p style=\"box-sizing: border-box; margin: 0px 0px 20.8px;\"><span style=\"box-sizing: border-box; font-size: 14pt;\">The children at the projects we work with and&nbsp;others around the island who have been&nbsp;through this terrible ordeal would have&nbsp;suffered a great deal of trauma and loss.</span></p></div>','Helping locals to be aware of their health','Nadi, Fiji','Homestay','All meals',9,138,NULL,1,1),(6,13,'Rugby and generel fitness trainer','Apple pie chupa chups jelly-o muffin apple pie chupa chups tart powder. Croissant chupa chups caramels I love lollipop chupa chups biscuit. I love sweet toffee marzipan cake macaroon jelly tiramisu candy canes','<h3 style=\"box-sizing: border-box; font-family: Cabin; line-height: 1.1; color: #363c48; margin-top: 26px; margin-bottom: 13px; font-size: 26px;\"><span style=\"box-sizing: border-box; color: #ff9900;\">Overview</span></h3><div class=\"paragraph\" style=\"box-sizing: border-box; color: #222324; font-family: Lato; font-size: 16px;\"><p style=\"box-sizing: border-box; margin: 0px 0px 20.8px;\"><span style=\"box-sizing: border-box; font-size: 14pt;\">On February 21, 2016 the largest cyclone ever recorded in the southern hemisphere tore through the Fijian islands, straight over the main island of Viti Levu with 650,000 population.</span></p><p style=\"box-sizing: border-box; margin: 0px 0px 20.8px;\"><span style=\"box-sizing: border-box; font-size: 14pt;\">Cyclone Winston, &nbsp;with wind gusts of 325kmh and waves up to 12m high left scenes of destruction with peoples homes and livelihoods devastated in the wake of the storm.</span></p><p style=\"box-sizing: border-box; margin: 0px 0px 20.8px;\"><span style=\"box-sizing: border-box; font-size: 14pt;\">The cyclone has caused widespread flash flooding and power outages, including in the country&rsquo;s capital of Suva. &nbsp;Entire outer island communities with weaker infrastructure have been completely destroyed and vulnerable to food and water scarcity and disease.</span></p></div><div class=\"paragraph\" style=\"box-sizing: border-box; color: #222324; font-family: Lato; font-size: 16px;\"><span style=\"box-sizing: border-box; font-size: 14pt;\">TC Winston devastated many sources of local livelihood especially in agricultural communities whose main source of income is farming. &nbsp;The outcome has forced many families to be homeless and dependent on relief goods and services. &nbsp;Tens of thousands of people have been forced from their homes and living in evacuation centers.</span></div><div class=\"paragraph\" style=\"box-sizing: border-box; color: #222324; font-family: Lato; font-size: 16px;\"><span style=\"box-sizing: border-box; font-size: 14pt;\">&nbsp;</span></div><div class=\"paragraph\" style=\"box-sizing: border-box; color: #222324; font-family: Lato; font-size: 16px;\"><span style=\"box-sizing: border-box; font-size: 14pt;\">&bull; The estimated recovery time is expected between 18 and 24 months</span><br style=\"box-sizing: border-box;\" /><span style=\"box-sizing: border-box; font-size: 14pt;\">&bull; Power won&rsquo;t be fully restored until August 2016</span><br style=\"box-sizing: border-box;\" /><span style=\"box-sizing: border-box; font-size: 14pt;\">&bull; The state of emergency ends 20MAR, however it&rsquo;s expected to be extended for another 1-2 months for some regions</span><br style=\"box-sizing: border-box;\" /><span style=\"box-sizing: border-box; font-size: 14pt;\">&bull; There is a severe lack of timber and seeds at the moment due to the agricultural damage caused by Winston</span><br style=\"box-sizing: border-box;\" /><span style=\"box-sizing: border-box; font-size: 14pt;\">&bull; Homes and businesses won&rsquo;t be touched for many weeks through the North Central regions</span><br style=\"box-sizing: border-box;\" /><span style=\"box-sizing: border-box; font-size: 14pt;\">&bull; The maritime Islands will take an extremely long time to assess as it&rsquo;s costing $20,000FJ per 3-4 day trip out there to assess them &ndash; some of these areas are catastrophically damaged compared to Viti Levu (main island)</span><br style=\"box-sizing: border-box;\" /><span style=\"box-sizing: border-box; font-size: 14pt;\">&bull; Sugar and Rice farming have also significantly suffered</span></div><div class=\"paragraph\" style=\"box-sizing: border-box; color: #222324; font-family: Lato; font-size: 16px;\"><h3 style=\"box-sizing: border-box; font-family: Cabin; line-height: 1.1; color: #363c48; margin-top: 26px; margin-bottom: 13px; font-size: 26px;\"><span style=\"box-sizing: border-box; color: #ff9900;\">Location</span></h3><div class=\"paragraph\" style=\"box-sizing: border-box;\"><span style=\"box-sizing: border-box; font-size: medium;\"><strong style=\"box-sizing: border-box;\">&nbsp;<span style=\"box-sizing: border-box; font-size: 14pt;\">Ovalau Island</span></strong><br style=\"box-sizing: border-box;\" /><span style=\"box-sizing: border-box; font-size: 14pt;\">You&rsquo;ll be working in Suva as well as coastal townships on the island of Ovalau (off the cost of Suva) which are some of the hardest hit regions in Fiji. &nbsp;Some towns have been completely destroyed. &nbsp;We&rsquo;re talking not a single house spared from disaster. &nbsp; The needs are so many at this time it&rsquo;s difficult to put into words. &nbsp;Here you are able to make a real difference regardless&nbsp;of your age, experience or background. &nbsp;</span></span></div></div><div class=\"paragraph\" style=\"box-sizing: border-box; color: #222324; font-family: Lato; font-size: 16px;\"><h3 style=\"box-sizing: border-box; font-family: Cabin; line-height: 1.1; color: #363c48; margin-top: 26px; margin-bottom: 13px; font-size: 26px;\"><span style=\"box-sizing: border-box; color: #ff9900;\">Project Tasks</span></h3></div><p>&nbsp;</p><div class=\"paragraph\" style=\"box-sizing: border-box; color: #222324; font-family: Lato; font-size: 16px; font-style: normal; font-variant-ligatures: normal; font-variant-caps: normal; font-weight: normal; letter-spacing: normal; orphans: 2; text-align: start; text-indent: 0px; text-transform: none; white-space: normal; widows: 2; word-spacing: 0px; -webkit-text-stroke-width: 0px; background-color: #ffffff;\"><p style=\"box-sizing: border-box; margin: 0px 0px 20.8px;\"><span style=\"box-sizing: border-box; font-size: 14pt;\">The following is a list of volunteer projects available</span></p>&nbsp;<ul style=\"box-sizing: border-box; margin-top: 0px; margin-bottom: 13px;\"><li style=\"box-sizing: border-box;\"><span style=\"box-sizing: border-box; font-size: 14pt;\"><span style=\"box-sizing: border-box; color: #5040ae;\"><strong style=\"box-sizing: border-box; font-weight: bold;\">Emergency Assistance &amp; Aid Materials</strong></span></span></li></ul><p style=\"box-sizing: border-box; margin: 0px 0px 20.8px;\"><span style=\"box-sizing: border-box; font-size: 14pt;\">We&rsquo;ll have you placed within government and privately affiliated disaster recovery agencies equipped to deal with the devastated communities providing emergency aid, clean-up services, medical care and support. &nbsp; Work along side local specialist aid agencies. &nbsp; &nbsp;We also request all incoming volunteers to&nbsp;carry whatever possible aid and relief material&nbsp;they are able to in the form of water, food,&nbsp;clothing, first aid, medicine, and much more.</span></p><ul style=\"box-sizing: border-box; margin-top: 0px; margin-bottom: 13px;\"><li style=\"box-sizing: border-box;\"><span style=\"box-sizing: border-box; font-size: 14pt;\"><span style=\"box-sizing: border-box; color: #5040ae;\"><strong style=\"box-sizing: border-box; font-weight: bold;\">Clean-up &amp; Rebuilding</strong></span></span></li></ul><p style=\"box-sizing: border-box; margin: 0px 0px 20.8px;\"><span style=\"box-sizing: border-box; font-size: 14pt;\">Work along side local tradesman and help rebuild homes and damaged community buildings. &nbsp;&nbsp;No specialist skills required, however tradespeople of all types (carpentry, plumbing, building, laborers, electricians etc) are in high demand.&nbsp;Several thousand people are&nbsp;homeless and there is also immense damage to&nbsp;public buildings, churches and homes. &nbsp; We&nbsp;need volunteers to help with&nbsp;rebuilding efforts, building makeshift&nbsp;accommodation and clearing of debris.</span></p><ul style=\"box-sizing: border-box; margin-top: 0px; margin-bottom: 13px;\"><li style=\"box-sizing: border-box;\"><span style=\"box-sizing: border-box; font-size: 14pt;\"><span style=\"box-sizing: border-box; color: #5040ae;\"><strong style=\"box-sizing: border-box; font-weight: bold;\">Healthcare and Medical</strong></span></span></li></ul><p style=\"box-sizing: border-box; margin: 0px 0px 20.8px;\"><span style=\"box-sizing: border-box; font-size: 14pt;\">There is a great need of medical volunteers in&nbsp;the form of doctors and nurses to administer&nbsp;basic first aid and treat people who have&nbsp;suffered trauma and injury. We also need&nbsp;medical volunteers to travel to rural areas and&nbsp;project locations to treat people in need.</span></p><ul style=\"box-sizing: border-box; margin-top: 0px; margin-bottom: 13px;\"><li style=\"box-sizing: border-box;\"><span style=\"box-sizing: border-box; font-size: 14pt;\"><span style=\"box-sizing: border-box; color: #5040ae;\"><strong style=\"box-sizing: border-box; font-weight: bold;\">Childcare &amp; Support</strong></span></span></li></ul><p style=\"box-sizing: border-box; margin: 0px 0px 20.8px;\"><span style=\"box-sizing: border-box; font-size: 14pt;\">The children at the projects we work with and&nbsp;others around the island who have been&nbsp;through this terrible ordeal would have&nbsp;suffered a great deal of trauma and loss.</span></p></div>','Training school kids during sports','Namaka, Fiji','Homestay','Unknown',6,120,NULL,1,0);
/*!40000 ALTER TABLE `program` ENABLE KEYS */;
UNLOCK TABLES;

--
-- Table structure for table `program_media`
--

DROP TABLE IF EXISTS `program_media`;
/*!40101 SET @saved_cs_client     = @@character_set_client */;
/*!40101 SET character_set_client = utf8 */;
CREATE TABLE `program_media` (
  `program_id` int(11) NOT NULL,
  `media_id` int(11) NOT NULL,
  PRIMARY KEY (`program_id`,`media_id`),
  KEY `IDX_F445D2FA3EB8070A` (`program_id`),
  KEY `IDX_F445D2FAEA9FDD75` (`media_id`),
  CONSTRAINT `FK_F445D2FA3EB8070A` FOREIGN KEY (`program_id`) REFERENCES `program` (`id`) ON DELETE CASCADE,
  CONSTRAINT `FK_F445D2FAEA9FDD75` FOREIGN KEY (`media_id`) REFERENCES `media` (`id`) ON DELETE CASCADE
) ENGINE=InnoDB DEFAULT CHARSET=utf8 COLLATE=utf8_unicode_ci;
/*!40101 SET character_set_client = @saved_cs_client */;

--
-- Dumping data for table `program_media`
--

LOCK TABLES `program_media` WRITE;
/*!40000 ALTER TABLE `program_media` DISABLE KEYS */;
/*!40000 ALTER TABLE `program_media` ENABLE KEYS */;
UNLOCK TABLES;

--
-- Table structure for table `program_participants`
--

DROP TABLE IF EXISTS `program_participants`;
/*!40101 SET @saved_cs_client     = @@character_set_client */;
/*!40101 SET character_set_client = utf8 */;
CREATE TABLE `program_participants` (
  `id` int(11) NOT NULL AUTO_INCREMENT,
  `user_id` int(11) NOT NULL,
  `program_id` int(11) NOT NULL,
  `partition_ticket_out_id` int(11) DEFAULT NULL,
  `arrival_date` date NOT NULL,
  `duration` int(11) NOT NULL,
  `is_paid` tinyint(1) NOT NULL,
  PRIMARY KEY (`id`),
  UNIQUE KEY `UNIQ_32CC83B5113E82B2` (`partition_ticket_out_id`),
  KEY `IDX_32CC83B5A76ED395` (`user_id`),
  KEY `IDX_32CC83B53EB8070A` (`program_id`),
  CONSTRAINT `FK_32CC83B5113E82B2` FOREIGN KEY (`partition_ticket_out_id`) REFERENCES `document` (`id`),
  CONSTRAINT `FK_32CC83B53EB8070A` FOREIGN KEY (`program_id`) REFERENCES `program` (`id`),
  CONSTRAINT `FK_32CC83B5A76ED395` FOREIGN KEY (`user_id`) REFERENCES `user` (`id`)
) ENGINE=InnoDB AUTO_INCREMENT=81 DEFAULT CHARSET=utf8 COLLATE=utf8_unicode_ci;
/*!40101 SET character_set_client = @saved_cs_client */;

--
-- Dumping data for table `program_participants`
--

LOCK TABLES `program_participants` WRITE;
/*!40000 ALTER TABLE `program_participants` DISABLE KEYS */;
INSERT INTO `program_participants` VALUES (1,25,1,NULL,'2017-08-22',5,0),(2,49,2,NULL,'2017-04-05',4,0),(3,54,2,NULL,'2017-10-19',2,0),(4,74,2,NULL,'2017-09-10',2,0),(5,74,6,NULL,'2017-03-25',5,0),(6,58,5,NULL,'2017-09-02',11,0),(7,17,6,NULL,'2017-07-14',6,0),(8,73,5,NULL,'2017-05-14',3,0),(9,67,6,NULL,'2017-08-12',3,0),(10,4,6,NULL,'2017-08-22',7,0),(11,41,1,NULL,'2017-06-20',6,0),(12,41,6,NULL,'2017-04-08',3,0),(13,42,3,NULL,'2017-10-05',11,0),(14,68,3,NULL,'2017-11-13',12,0),(15,42,1,NULL,'2017-12-04',9,0),(16,40,3,NULL,'2017-10-17',3,0),(17,8,1,NULL,'2017-03-20',5,0),(18,17,4,NULL,'2017-11-04',11,0),(19,45,3,NULL,'2017-07-13',7,0),(20,17,3,NULL,'2017-04-09',4,0),(21,37,2,NULL,'2017-03-24',2,0),(22,20,1,NULL,'2017-11-07',8,0),(23,23,4,NULL,'2017-07-19',6,0),(24,10,4,NULL,'2017-09-10',6,0),(25,33,1,NULL,'2017-06-09',9,0),(26,25,1,NULL,'2017-10-16',8,0),(27,36,4,NULL,'2017-06-17',2,0),(28,20,5,NULL,'2017-04-13',2,0),(29,35,3,NULL,'2017-11-23',10,0),(30,42,3,NULL,'2017-09-17',10,0),(31,24,3,NULL,'2017-10-21',6,0),(32,6,5,NULL,'2017-10-22',6,0),(33,49,1,NULL,'2017-11-14',4,0),(34,11,3,NULL,'2017-09-04',11,0),(35,15,2,NULL,'2017-07-01',10,0),(36,10,6,NULL,'2017-07-13',7,0),(37,69,5,NULL,'2017-10-11',10,0),(38,76,4,NULL,'2017-04-05',2,0),(39,57,3,NULL,'2017-08-21',3,0),(40,4,6,NULL,'2017-05-07',2,0),(41,56,2,NULL,'2017-10-13',12,0),(42,48,4,NULL,'2017-11-16',6,0),(43,22,4,NULL,'2017-06-04',5,0),(44,16,3,NULL,'2017-05-01',7,0),(45,31,4,NULL,'2017-06-04',4,0),(46,43,4,NULL,'2017-07-03',2,0),(47,79,6,NULL,'2017-03-07',9,0),(48,16,1,NULL,'2017-09-05',10,0),(49,4,4,NULL,'2017-10-21',8,0),(50,67,1,NULL,'2017-07-15',8,0),(51,12,2,NULL,'2017-10-12',4,0),(52,4,3,NULL,'2017-05-29',3,0),(53,27,6,NULL,'2017-12-01',8,0),(54,70,1,NULL,'2017-09-24',11,0),(55,66,2,NULL,'2017-03-18',8,0),(56,49,3,NULL,'2017-03-29',2,0),(57,65,6,NULL,'2017-10-29',10,0),(58,23,1,NULL,'2017-07-04',9,0),(59,55,6,NULL,'2017-03-07',6,0),(60,58,5,NULL,'2017-06-21',2,0),(61,23,1,NULL,'2017-08-16',2,0),(62,81,5,NULL,'2017-11-30',4,0),(63,45,1,NULL,'2017-11-04',5,0),(64,27,4,NULL,'2017-09-01',8,0),(65,39,4,NULL,'2017-10-11',5,0),(66,6,3,NULL,'2017-11-17',8,0),(67,61,6,NULL,'2017-11-02',8,0),(68,43,2,NULL,'2017-03-28',6,0),(69,7,5,NULL,'2017-10-16',8,0),(70,36,5,NULL,'2017-09-28',11,0),(71,26,2,NULL,'2017-10-23',9,0),(72,35,6,NULL,'2017-10-20',8,0),(73,3,1,NULL,'2017-08-27',8,0),(74,8,5,NULL,'2017-05-26',12,0),(75,38,5,NULL,'2017-07-11',3,0),(76,21,5,NULL,'2017-06-20',10,0),(77,82,1,NULL,'2017-07-24',9,0),(78,38,1,NULL,'2017-07-14',4,0),(79,4,4,NULL,'2017-09-16',6,0),(80,34,1,NULL,'2017-10-10',6,0);
/*!40000 ALTER TABLE `program_participants` ENABLE KEYS */;
UNLOCK TABLES;

--
-- Table structure for table `user`
--

DROP TABLE IF EXISTS `user`;
/*!40101 SET @saved_cs_client     = @@character_set_client */;
/*!40101 SET character_set_client = utf8 */;
CREATE TABLE `user` (
  `id` int(11) NOT NULL AUTO_INCREMENT,
  `passport_id` int(11) DEFAULT NULL,
  `criminal_record_id` int(11) DEFAULT NULL,
  `email` varchar(255) COLLATE utf8_unicode_ci NOT NULL,
  `password` varchar(255) COLLATE utf8_unicode_ci NOT NULL,
  `roles` longtext COLLATE utf8_unicode_ci NOT NULL COMMENT '(DC2Type:json_array)',
  `first_name` varchar(255) COLLATE utf8_unicode_ci NOT NULL,
  `middle_name` varchar(255) COLLATE utf8_unicode_ci DEFAULT NULL,
  `last_name` varchar(255) COLLATE utf8_unicode_ci NOT NULL,
  `date_of_birth` date DEFAULT NULL,
  `sex` tinyint(1) NOT NULL,
  `nationality` varchar(255) COLLATE utf8_unicode_ci NOT NULL,
  `phone` int(11) NOT NULL,
  `address_country` varchar(255) COLLATE utf8_unicode_ci DEFAULT NULL,
  `address_region` varchar(255) COLLATE utf8_unicode_ci DEFAULT NULL,
  `address_zip` varchar(255) COLLATE utf8_unicode_ci DEFAULT NULL,
  `address_city` varchar(255) COLLATE utf8_unicode_ci DEFAULT NULL,
  `address_street` varchar(255) COLLATE utf8_unicode_ci DEFAULT NULL,
  `address_po_box` varchar(255) COLLATE utf8_unicode_ci DEFAULT NULL,
  `address_house_no` varchar(255) COLLATE utf8_unicode_ci DEFAULT NULL,
  `address_co` varchar(255) COLLATE utf8_unicode_ci DEFAULT NULL,
  `edu_level_expected` varchar(255) COLLATE utf8_unicode_ci DEFAULT NULL,
  `edu_current_place` varchar(255) COLLATE utf8_unicode_ci DEFAULT NULL,
  `edu_current_program` varchar(255) COLLATE utf8_unicode_ci DEFAULT NULL,
  `edu_future_place` varchar(255) COLLATE utf8_unicode_ci DEFAULT NULL,
  `edu_future_program` varchar(255) COLLATE utf8_unicode_ci DEFAULT NULL,
  `is_notified` tinyint(1) NOT NULL,
  `is_active` tinyint(1) NOT NULL,
  PRIMARY KEY (`id`),
  UNIQUE KEY `UNIQ_8D93D649E7927C74` (`email`),
  UNIQUE KEY `UNIQ_8D93D649ABF410D0` (`passport_id`),
  UNIQUE KEY `UNIQ_8D93D6495C980E05` (`criminal_record_id`),
  CONSTRAINT `FK_8D93D6495C980E05` FOREIGN KEY (`criminal_record_id`) REFERENCES `document` (`id`),
  CONSTRAINT `FK_8D93D649ABF410D0` FOREIGN KEY (`passport_id`) REFERENCES `document` (`id`)
) ENGINE=InnoDB AUTO_INCREMENT=83 DEFAULT CHARSET=utf8 COLLATE=utf8_unicode_ci;
/*!40101 SET character_set_client = @saved_cs_client */;

--
-- Dumping data for table `user`
--

LOCK TABLES `user` WRITE;
/*!40000 ALTER TABLE `user` DISABLE KEYS */;
INSERT INTO `user` VALUES (1,NULL,NULL,'solution@carante.dk','$2y$13$R933A60JtR5DTxyrEnRT1uAlbooy.xRkCu.1TZ2.f4CUC98Z4y01S','[\"ROLE_ADMIN\"]','Claus','Kaiser','Paustian','1991-05-02',1,'Danish',21469172,NULL,NULL,NULL,NULL,NULL,NULL,NULL,NULL,NULL,NULL,NULL,NULL,NULL,1,1),(2,NULL,NULL,'demo@cvs.com','$2y$13$PltcVgpqT8nHr5Mpggbb/Ob6Zh4vFzGmnmqegA73axe3jcjFQ9k4C','[\"ROLE_ADMIN\"]','Demo',NULL,'Demo','1970-03-06',1,'Danish',1234567,NULL,NULL,NULL,NULL,NULL,NULL,NULL,NULL,NULL,NULL,NULL,NULL,NULL,1,1),(3,NULL,NULL,'c.kaiser.p+1@gmail.com','$2y$13$WRpBGNtCJCEJtiK7AbsCc.lGdxVIx2mCVBPtX1v7G96jF16xrYyRu','[\"ROLE_VOLUNTEER\"]','Tianna',NULL,'Ziemann','1996-10-30',1,'Panamanian',36709127,'10% Sweden : 15% Norway : 13% Germany : Panama','Kentucky','4772','Port Rory','Joan Falls',NULL,'7878',NULL,'Bachelor','KEA','Web Development',NULL,NULL,1,1),(4,NULL,NULL,'c.kaiser.p+2@gmail.com','$2y$13$Bqn8D1.RWYXswmKAtkr.U./Z6JW6zaXM3KmlmEOzQLHv7hg0v44OG','[\"ROLE_VOLUNTEER\"]','Janiya',NULL,'Harris','1998-03-12',1,'Panamanian',84240764,'Denmark','Georgia','1835','Celiafurt','Larson Trail',NULL,'889',NULL,'Bachelor','KEA','Web Development',NULL,NULL,1,1),(5,NULL,NULL,'c.kaiser.p+3@gmail.com','$2y$13$PvihQlp1vo9Wu/rCIHaD1.ya983xNl5o/52Q5XsxfZYY13a.HIDaC','[\"ROLE_VOLUNTEER\"]','Caitlyn',NULL,'Wisoky','1978-12-19',1,'Danish',31443730,'10% Sweden : 15% Norway : 13% Germany : Panama','Maryland','5180','Vernerstad','Hackett Glens',NULL,'314',NULL,'Bachelor','KEA','Web Development',NULL,NULL,1,1),(6,NULL,NULL,'c.kaiser.p+4@gmail.com','$2y$13$.mj9KyQsR0.FpTiYwvAS4uvTLRWNpoyXD9F.dtPjXaxmpXFSqlzAy','[\"ROLE_VOLUNTEER\"]','Cleve',NULL,'Jenkins','2000-02-05',1,'Danish',70757887,'10% Sweden : 15% Norway : 13% Germany : Panama','Pennsylvania','2999','Jackelinemouth','Bins Orchard',NULL,'9086',NULL,'Bachelor','KEA','Web Development',NULL,NULL,1,1),(7,NULL,NULL,'c.kaiser.p+5@gmail.com','$2y$13$ohU8G2DY6Y7.mLecLRomwOe94ewfshHt2WUAi0S8cEV6I5ya86So6','[\"ROLE_VOLUNTEER\"]','Bradley',NULL,'Rau','1974-05-11',1,'Austrian',28726233,'10% Sweden : 15% Norway : 13% Germany : Panama','Georgia','5424','Gislasonchester','Becker Parks',NULL,'8613',NULL,'Bachelor','KEA','Web Development',NULL,NULL,1,1),(8,NULL,NULL,'c.kaiser.p+6@gmail.com','$2y$13$suB8deIZYr0nHEcQer9.Kud3jlCcKfAoHVdQMSO/KlFHsOlJqS89u','[\"ROLE_VOLUNTEER\"]','Leora',NULL,'Rice','1979-11-18',1,'Panamanian',60571301,'10% Sweden : 15% Norway : 13% Germany : Panama','Arizona','6974','Leschshire','Langworth Square',NULL,'69734',NULL,'Bachelor','KEA','Web Development',NULL,NULL,1,1),(9,NULL,NULL,'c.kaiser.p+7@gmail.com','$2y$13$7P3WR3gqWbeG9Ir1qUS0ze2Q99Yv.1qWkkn5rdUcQBNh83aHW45Ly','[\"ROLE_VOLUNTEER\"]','Bradley',NULL,'Kling','1996-09-30',1,'Danish',30412212,'Denmark','New Mexico','9347','Rettaborough','Hegmann Parkway',NULL,'76378',NULL,'Bachelor','KEA','Web Development',NULL,NULL,1,1),(10,NULL,NULL,'c.kaiser.p+8@gmail.com','$2y$13$sGJPXpsj94PyLFren3ecc.mo6ftmNoWdRYu1Ewj1Le3qoza7t/iHq','[\"ROLE_VOLUNTEER\"]','Shanna',NULL,'Gutmann','1989-06-26',1,'Panamanian',49952466,'10% Sweden : 15% Norway : 13% Germany : Panama','New Hampshire','4434','Port Madisonport','Pete Cape',NULL,'44499',NULL,'Bachelor','KEA','Web Development',NULL,NULL,1,1),(11,NULL,NULL,'c.kaiser.p+9@gmail.com','$2y$13$Qv0cB9DjIGsJgHEdpzyQku8GINIrMR/mAUkO3OoEm43Els0I1C/wO','[\"ROLE_VOLUNTEER\"]','Arnaldo',NULL,'Jaskolski','1982-03-02',1,'Austrian',40167545,'10% Sweden : 15% Norway : 13% Germany : Panama','Wyoming','5235','West Marianomouth','Elaina Port',NULL,'7085',NULL,'Bachelor','KEA','Web Development',NULL,NULL,1,1),(12,NULL,NULL,'c.kaiser.p+10@gmail.com','$2y$13$Ew9Ic7gt9yvytQjslsQ0WOeZuXHjyEsFywn/QDJoPGyh/iCmZh/.W','[\"ROLE_VOLUNTEER\"]','Jayne',NULL,'Wuckert','1992-08-09',1,'Norwegian',94957562,'10% Sweden : 15% Norway : 13% Germany : Panama','Connecticut','5791','Reaganchester','Farrell Forges',NULL,'8243',NULL,'Bachelor','KEA','Web Development',NULL,NULL,1,1),(13,NULL,NULL,'c.kaiser.p+11@gmail.com','$2y$13$l9R3gCXYz/hHiBlIPsAWreUTHbByN/1AJ/1ik2moKSlT0RAiwjVli','[\"ROLE_VOLUNTEER\"]','Allie',NULL,'Rath','1985-02-06',1,'Danish',98634257,'Austria','Vermont','1919','Kubmouth','Jaeden Ford',NULL,'2035',NULL,'Bachelor','KEA','Web Development',NULL,NULL,1,1),(14,NULL,NULL,'c.kaiser.p+12@gmail.com','$2y$13$kVgoQtq/QNQdAdgrP69.2eLKhfoGMDwdFxcFaLIOlEZZAll5MfXZq','[\"ROLE_VOLUNTEER\"]','Ayana',NULL,'Russel','1979-02-24',1,'Panamanian',50832251,'10% Sweden : 15% Norway : 13% Germany : Panama','South Carolina','6516','Monroeville','Salvatore Forge',NULL,'64278',NULL,'Bachelor','KEA','Web Development',NULL,NULL,1,1),(15,NULL,NULL,'c.kaiser.p+13@gmail.com','$2y$13$VMHiRnDLKpvq.M6mEQZLF.RvTLG.Dp/E4RDk1u59prGb1kbothGSa','[\"ROLE_VOLUNTEER\"]','Beryl',NULL,'Nader','1999-02-08',1,'Danish',27534752,'Denmark','Virginia','6546','Eichmannberg','Bashirian Overpass',NULL,'2990',NULL,'Bachelor','KEA','Web Development',NULL,NULL,1,1),(16,NULL,NULL,'c.kaiser.p+14@gmail.com','$2y$13$tEQzGvaEGT7HbIiSv30aLuhO4RSiLP97KzWLneNcq1NB1u0taZll6','[\"ROLE_VOLUNTEER\"]','Miller',NULL,'Barton','1981-08-06',1,'Danish',38033918,'Denmark','Oregon','8191','Robertshaven','Leone Brooks',NULL,'384',NULL,'Bachelor','KEA','Web Development',NULL,NULL,1,1),(17,NULL,NULL,'c.kaiser.p+15@gmail.com','$2y$13$N0N7kbm/.OCfXA86X33leuP1Uh.yDQi9SIXkYVtxI9NR/nqLU/F0G','[\"ROLE_VOLUNTEER\"]','Maryse',NULL,'Kulas','1976-11-26',1,'Swedish',34417108,'Austria','Kentucky','2645','Batzport','Ferry Parks',NULL,'5317',NULL,'Bachelor','KEA','Web Development',NULL,NULL,1,1),(18,NULL,NULL,'c.kaiser.p+16@gmail.com','$2y$13$5uWOaXePvRrfHNxxLe.mx.9Cx4FjPpuHmzaBK89pq2zIcojYR4n1i','[\"ROLE_VOLUNTEER\"]','Stefan',NULL,'Johns','1996-07-20',1,'Panamanian',48280905,'10% Sweden : 15% Norway : 13% Germany : Panama','Connecticut','2914','Runolfsdottirstad','Christelle Corner',NULL,'91622',NULL,'Bachelor','KEA','Web Development',NULL,NULL,1,1),(19,NULL,NULL,'c.kaiser.p+17@gmail.com','$2y$13$VHdCT8SFHcgcX5Wh0S9ba..PBQf4vEv2jkLvJIYA/zldPn.02uduS','[\"ROLE_VOLUNTEER\"]','Domenic',NULL,'Turcotte','1994-12-01',1,'Panamanian',87527960,'10% Sweden : 15% Norway : 13% Germany : Panama','Oregon','5704','Michelleberg','Anne Drive',NULL,'13181',NULL,'Bachelor','KEA','Web Development',NULL,NULL,1,1),(20,NULL,NULL,'c.kaiser.p+18@gmail.com','$2y$13$doTopHt/H5oZYQYZQBN3j.FR56aVM6S1taTkII0eII2iX4f7K2KpS','[\"ROLE_VOLUNTEER\"]','Orville',NULL,'Gislason','1982-06-05',1,'Danish',53147543,'10% Sweden : 15% Norway : 13% Germany : Panama','Michigan','4510','North Evangelineton','Clement Key',NULL,'544',NULL,'Bachelor','KEA','Web Development',NULL,NULL,1,1),(21,NULL,NULL,'c.kaiser.p+19@gmail.com','$2y$13$qLr5C1ev3fDxqcw72QuFmOa/UlykL9GUhWjc.86uz/sSzTgWduvlm','[\"ROLE_VOLUNTEER\"]','Pinkie',NULL,'VonRueden','1981-10-28',1,'Austrian',24932600,'10% Sweden : 15% Norway : 13% Germany : Panama','Utah','9827','North Jeanshire','Beahan Vista',NULL,'93341',NULL,'Bachelor','KEA','Web Development',NULL,NULL,1,1),(22,NULL,NULL,'c.kaiser.p+20@gmail.com','$2y$13$JyvzswsCGGsToGWU4txLUuu9TjMjcOgrO3.MIbt6To486BVHqjp/C','[\"ROLE_VOLUNTEER\"]','Rebekah',NULL,'Trantow','1990-11-18',1,'Danish',91109211,'10% Sweden : 15% Norway : 13% Germany : Panama','Kentucky','9066','Maciebury','Ruecker Dale',NULL,'19053',NULL,'Bachelor','KEA','Web Development',NULL,NULL,1,1),(23,NULL,NULL,'c.kaiser.p+21@gmail.com','$2y$13$zXhR0uzlBW6wP533wU.Kn.S.3wQhKzpCsvKokZYnFyxTfjekc4wQy','[\"ROLE_VOLUNTEER\"]','Herbert',NULL,'Klocko','1990-04-01',1,'Panamanian',68819690,'10% Sweden : 15% Norway : 13% Germany : Panama','Arizona','8266','East Dannie','Haley Skyway',NULL,'618',NULL,'Bachelor','KEA','Web Development',NULL,NULL,1,1),(24,NULL,NULL,'c.kaiser.p+22@gmail.com','$2y$13$XBXy0agp6UVyI0vE//Vyde5MMbvHAVn3ZZbRS8Kji6JmyaxF/lr2W','[\"ROLE_VOLUNTEER\"]','Carole',NULL,'Dicki','1994-05-31',1,'Panamanian',95801373,'10% Sweden : 15% Norway : 13% Germany : Panama','California','8075','Port Akeem','Funk Burg',NULL,'239',NULL,'Bachelor','KEA','Web Development',NULL,NULL,1,1),(25,NULL,NULL,'c.kaiser.p+23@gmail.com','$2y$13$crKlzqQ//MIbivuoS4cIE.QMG8UfONbngSujhDZphiB3HtfWgyNFq','[\"ROLE_VOLUNTEER\"]','Christa',NULL,'Marvin','1983-04-18',1,'Panamanian',80557248,'Austria','Alaska','1847','DuBuquechester','Zulauf Ramp',NULL,'567',NULL,'Bachelor','KEA','Web Development',NULL,NULL,1,1),(26,NULL,NULL,'c.kaiser.p+24@gmail.com','$2y$13$.NzPSoNM.yUfYlBLWMDBEuLByTpi.RAYbEtWvjTLphJe3c6d/CSMG','[\"ROLE_VOLUNTEER\"]','Luz',NULL,'Hoeger','1977-12-24',1,'Panamanian',51884901,'10% Sweden : 15% Norway : 13% Germany : Panama','District of Columbia','3465','West Erickfort','Wyman Hollow',NULL,'97976',NULL,'Bachelor','KEA','Web Development',NULL,NULL,1,1),(27,NULL,NULL,'c.kaiser.p+25@gmail.com','$2y$13$A8gblzK6l7/K5iYLDOyDR.msDS5f0Sie/IS1.H2Ja6Z7aVcJjY8/e','[\"ROLE_VOLUNTEER\"]','Tre',NULL,'Bradtke','1977-03-05',1,'Panamanian',88714284,'10% Sweden : 15% Norway : 13% Germany : Panama','Texas','9639','East Anjaliburgh','Lynch Springs',NULL,'156',NULL,'Bachelor','KEA','Web Development',NULL,NULL,1,1),(28,NULL,NULL,'c.kaiser.p+26@gmail.com','$2y$13$Ev4NzQTn/sNUQ8qLnWnCbuM59ibH6wcJQfOgpmUvXWx0ko.74Aq8S','[\"ROLE_VOLUNTEER\"]','Reagan',NULL,'Heaney','1981-08-10',1,'Norwegian',81292003,'Austria','Florida','9303','Lake Seamus','Hayes Light',NULL,'51609',NULL,'Bachelor','KEA','Web Development',NULL,NULL,1,1),(29,NULL,NULL,'c.kaiser.p+27@gmail.com','$2y$13$y5/v3xkfvNj8d.lzhFWCDu/feh3YTNOXilYf8S7R8nubZRIqahwki','[\"ROLE_VOLUNTEER\"]','Bradley',NULL,'Heathcote','1986-08-14',1,'Danish',54191140,'Denmark','Ohio','3063','Port Susannachester','Brown Harbor',NULL,'399',NULL,'Bachelor','KEA','Web Development',NULL,NULL,1,1),(30,NULL,NULL,'c.kaiser.p+28@gmail.com','$2y$13$oNHGvl/72euLZIQHT5l1Mu393DSE5ocEvLoN6GAUmsIpTr.mtffQq','[\"ROLE_VOLUNTEER\"]','Danika',NULL,'Kovacek','1991-06-23',1,'Danish',34898203,'10% Sweden : 15% Norway : 13% Germany : Panama','Massachusetts','7935','Starkbury','Hickle Courts',NULL,'75561',NULL,'Bachelor','KEA','Web Development',NULL,NULL,1,1),(31,NULL,NULL,'c.kaiser.p+29@gmail.com','$2y$13$m6zypB4bDUHOtV/e7TS2Pe1J4Rc1WmAOsmVdT0SVfToT3AFqX9z6K','[\"ROLE_VOLUNTEER\"]','Lexus',NULL,'Ratke','1996-06-15',1,'Danish',50327314,'Denmark','Alaska','5580','Myronstad','Reynolds Plains',NULL,'9715',NULL,'Bachelor','KEA','Web Development',NULL,NULL,1,1),(32,NULL,NULL,'c.kaiser.p+30@gmail.com','$2y$13$CU/OApNxR0t4ccpI9RePJOw9JOv9Wh9VF3AeHxU8/c7r0s73VZvWO','[\"ROLE_VOLUNTEER\"]','Ervin',NULL,'Hudson','1974-09-29',1,'Norwegian',89625087,'10% Sweden : 15% Norway : 13% Germany : Panama','Arizona','8616','Garrisonside','Okey Causeway',NULL,'41509',NULL,'Bachelor','KEA','Web Development',NULL,NULL,1,1),(33,NULL,NULL,'c.kaiser.p+31@gmail.com','$2y$13$aTPUFpAcn2rB7KWibVySS.7801cYit8vHeV5Oj.p9meSYfqXzL5m.','[\"ROLE_VOLUNTEER\"]','Ray',NULL,'Gulgowski','1980-08-23',1,'Danish',99803593,'Denmark','Montana','1958','Kundeberg','Alex Park',NULL,'19682',NULL,'Bachelor','KEA','Web Development',NULL,NULL,1,1),(34,NULL,NULL,'c.kaiser.p+32@gmail.com','$2y$13$bXZE7w/VuH4ED408YejLSeMpBG9Z7XLrO4PSOQ2dEyw9xrn1JtWvi','[\"ROLE_VOLUNTEER\"]','Maximillian',NULL,'Feest','1999-10-26',1,'Austrian',71625880,'Denmark','Ohio','5830','West Violetbury','Kenya Pike',NULL,'605',NULL,'Bachelor','KEA','Web Development',NULL,NULL,1,1),(35,NULL,NULL,'c.kaiser.p+33@gmail.com','$2y$13$pZ0yJSbKW9hzzPkoEo.UYOBi2xkZRbt/Iv3UF2kuvVl19nPrrJihC','[\"ROLE_VOLUNTEER\"]','Lilly',NULL,'Jacobi','1992-10-28',1,'Germany',66437753,'Denmark','Oregon','2998','East Nobleview','Bogisich Camp',NULL,'733',NULL,'Bachelor','KEA','Web Development',NULL,NULL,1,1),(36,NULL,NULL,'c.kaiser.p+34@gmail.com','$2y$13$Tu0MHhzfaBAA8G9vFRn0JenucdrNqkYbRFOyZ/6tcNX5ChFHBvVI.','[\"ROLE_VOLUNTEER\"]','Alejandra',NULL,'Kertzmann','1979-01-18',1,'Danish',39351930,'10% Sweden : 15% Norway : 13% Germany : Panama','District of Columbia','6808','Leuschkefort','Ratke Orchard',NULL,'90530',NULL,'Bachelor','KEA','Web Development',NULL,NULL,1,1),(37,NULL,NULL,'c.kaiser.p+35@gmail.com','$2y$13$zc7bXxohxhqIaKFgPnN59eGfz6Jv/cbaqMB0a0wCjWXB8BfDOlJjm','[\"ROLE_VOLUNTEER\"]','Clementine',NULL,'Barrows','1994-07-12',1,'Panamanian',42086032,'Austria','New York','5194','Victorport','Wintheiser Harbors',NULL,'587',NULL,'Bachelor','KEA','Web Development',NULL,NULL,1,1),(38,NULL,NULL,'c.kaiser.p+36@gmail.com','$2y$13$PGmxMkHmnwIJEPej/XP5rOys1l27QdPY8BYNzdzNDFhVjG/Jom6HK','[\"ROLE_VOLUNTEER\"]','Jonathon',NULL,'Halvorson','1994-01-01',1,'Danish',65574523,'10% Sweden : 15% Norway : 13% Germany : Panama','North Dakota','1865','Morissettefurt','Fanny Burgs',NULL,'3022',NULL,'Bachelor','KEA','Web Development',NULL,NULL,1,1),(39,NULL,NULL,'c.kaiser.p+37@gmail.com','$2y$13$GMW51eVwQhG0fh/dawruoeEuktbjvbHtISDknkTTh9b8ja2mRAZoG','[\"ROLE_VOLUNTEER\"]','Christopher',NULL,'Homenick','1992-07-09',1,'Danish',48685315,'Denmark','Colorado','6132','Hirtheport','Anika Circle',NULL,'2939',NULL,'Bachelor','KEA','Web Development',NULL,NULL,1,1),(40,NULL,NULL,'c.kaiser.p+38@gmail.com','$2y$13$YPVmd23RssstgL5lAvOEvuybRNmV310sYhKC5NsZezyjgDuJkEpHe','[\"ROLE_VOLUNTEER\"]','Freeman',NULL,'Barrows','1994-06-16',1,'Danish',69469711,'10% Sweden : 15% Norway : 13% Germany : Panama','North Dakota','6228','Lake Harmonport','Jaquelin Skyway',NULL,'697',NULL,'Bachelor','KEA','Web Development',NULL,NULL,1,1),(41,NULL,NULL,'c.kaiser.p+39@gmail.com','$2y$13$3KWkGlA/oR4Y4xie4wOeruJhFUaK8og.cvWvEAuZ2X1HFB9ucTWt6','[\"ROLE_VOLUNTEER\"]','Elinor',NULL,'Heidenreich','2000-01-01',1,'Danish',63354736,'Denmark','Ohio','4385','Hellershire','Reilly Extensions',NULL,'9905',NULL,'Bachelor','KEA','Web Development',NULL,NULL,1,1),(42,NULL,NULL,'c.kaiser.p+40@gmail.com','$2y$13$nLIu33RyN9RFBgYyuEVLnujvTAkilQcrEGhTkQlza67iRw.2tK0BO','[\"ROLE_VOLUNTEER\"]','Albina',NULL,'Kerluke','1994-09-17',1,'Danish',87532821,'10% Sweden : 15% Norway : 13% Germany : Panama','Kansas','4957','Emmerichborough','Randall Bridge',NULL,'65091',NULL,'Bachelor','KEA','Web Development',NULL,NULL,1,1),(43,NULL,NULL,'c.kaiser.p+41@gmail.com','$2y$13$h.e60/uZxFCD5QWzbJjIy.dDAsAqeH3Mu7pyR4Tn2HqAhAcp9dCwG','[\"ROLE_VOLUNTEER\"]','Euna',NULL,'Veum','1992-08-01',1,'Panamanian',72242906,'10% Sweden : 15% Norway : 13% Germany : Panama','Hawaii','7892','Port Marleechester','Althea Villages',NULL,'99145',NULL,'Bachelor','KEA','Web Development',NULL,NULL,1,1),(44,NULL,NULL,'c.kaiser.p+42@gmail.com','$2y$13$RFv4BHQtbeXc4BSrHJJFm.4lkRavL6.wdKbOSqQJxfxbjY1AsqqBO','[\"ROLE_VOLUNTEER\"]','Sandy',NULL,'Turner','1998-05-28',1,'Austrian',42266633,'Denmark','Tennessee','7798','Willmouth','Conn Forks',NULL,'172',NULL,'Bachelor','KEA','Web Development',NULL,NULL,1,1),(45,NULL,NULL,'c.kaiser.p+43@gmail.com','$2y$13$uw4HXtOXW5LOSP6xfnI7h.tXirDTNcmMpbPZxR0NulsYociBhQb1S','[\"ROLE_VOLUNTEER\"]','Forest',NULL,'Stokes','1974-03-31',1,'Danish',84142751,'Denmark','Nevada','5908','Brakusport','Yundt Crossroad',NULL,'16941',NULL,'Bachelor','KEA','Web Development',NULL,NULL,1,1),(46,NULL,NULL,'c.kaiser.p+44@gmail.com','$2y$13$kyFUWS90AWeFb9ICQTx38uzm5CMqPWUcJcdpscXkJsIMN5ru5qVL2','[\"ROLE_VOLUNTEER\"]','Name',NULL,'Smitham','1973-02-14',1,'Swedish',77811952,'Austria','South Dakota','2299','West Stella','Cole Shoals',NULL,'1160',NULL,'Bachelor','KEA','Web Development',NULL,NULL,1,1),(47,NULL,NULL,'c.kaiser.p+45@gmail.com','$2y$13$wiBOrW5lIWVbQyCQc/3d.uRJNxM3LACRFkNAU6cffefUFJnOf8hgm','[\"ROLE_VOLUNTEER\"]','Evelyn',NULL,'Marks','1981-10-07',1,'Austrian',30156149,'Austria','South Dakota','1323','Hansenshire','Anderson Key',NULL,'87327',NULL,'Bachelor','KEA','Web Development',NULL,NULL,1,1),(48,NULL,NULL,'c.kaiser.p+46@gmail.com','$2y$13$54N/WwoiQanfxvYjsDzHN.zI0VRe024A.VqEAhd49nfJWF/n0SPFW','[\"ROLE_VOLUNTEER\"]','Eldon',NULL,'Legros','1985-10-12',1,'Danish',31021773,'10% Sweden : 15% Norway : 13% Germany : Panama','Illinois','9353','Lake Bridgette','Arturo Fields',NULL,'7615',NULL,'Bachelor','KEA','Web Development',NULL,NULL,1,1),(49,NULL,NULL,'c.kaiser.p+47@gmail.com','$2y$13$yfTxrTDyBuqejEq2TNQssORF7/4BxrEocU9JYZcOi0jrddqSV/44G','[\"ROLE_VOLUNTEER\"]','Rowland',NULL,'Legros','1982-11-01',1,'Swedish',26763945,'10% Sweden : 15% Norway : 13% Germany : Panama','Minnesota','3361','Treutelville','Marks Villages',NULL,'333',NULL,'Bachelor','KEA','Web Development',NULL,NULL,1,1),(50,NULL,NULL,'c.kaiser.p+48@gmail.com','$2y$13$Eo7CfxDwvMlNI.KFg4IOyuwoZfj8ufQXwqrG.RmsQUqx1dN23drxa','[\"ROLE_VOLUNTEER\"]','Tess',NULL,'Hamill','1997-09-22',1,'Danish',77202530,'10% Sweden : 15% Norway : 13% Germany : Panama','Alabama','7806','New Waltonburgh','Konopelski Oval',NULL,'6634',NULL,'Bachelor','KEA','Web Development',NULL,NULL,1,1),(51,NULL,NULL,'c.kaiser.p+49@gmail.com','$2y$13$JxCM40fBNtQMWUqOMa3KFe4WycXN3P.Mw/QqB6v/FlzDjoPmKHZ1i','[\"ROLE_VOLUNTEER\"]','Dwight',NULL,'Tillman','1971-03-29',1,'Panamanian',37576968,'10% Sweden : 15% Norway : 13% Germany : Panama','Mississippi','5174','Gleasontown','Salma Parkway',NULL,'7233',NULL,'Bachelor','KEA','Web Development',NULL,NULL,1,1),(52,NULL,NULL,'c.kaiser.p+50@gmail.com','$2y$13$v58b3K30hQo/fLdS3Pnm2uBDYFKb.7Px/kda9Lvjq3S.FXxbgwN8m','[\"ROLE_VOLUNTEER\"]','Gladys',NULL,'Wolff','1996-11-23',1,'Danish',61175789,'10% Sweden : 15% Norway : 13% Germany : Panama','South Dakota','4859','North Wendell','Pfannerstill Alley',NULL,'66742',NULL,'Bachelor','KEA','Web Development',NULL,NULL,1,1),(53,NULL,NULL,'c.kaiser.p+51@gmail.com','$2y$13$aXmeY2xZO67Lqmvs0I0mGO7EgQopHVYwbGy8FfronR2J8sPfDVtq6','[\"ROLE_VOLUNTEER\"]','Shane',NULL,'Schowalter','1993-05-10',1,'Danish',27667237,'10% Sweden : 15% Norway : 13% Germany : Panama','Nevada','1631','Josiahborough','Duncan Parkway',NULL,'970',NULL,'Bachelor','KEA','Web Development',NULL,NULL,1,1),(54,NULL,NULL,'c.kaiser.p+52@gmail.com','$2y$13$58of7LoACSXvgn0AZAQ1QutMau4HL7gdsSP.BlBqx1IQqMQL1AwNi','[\"ROLE_VOLUNTEER\"]','Scarlett',NULL,'Gislason','1981-11-26',1,'Swedish',41656529,'Denmark','Louisiana','9496','East Joan','Ona Lock',NULL,'102',NULL,'Bachelor','KEA','Web Development',NULL,NULL,1,1),(55,NULL,NULL,'c.kaiser.p+53@gmail.com','$2y$13$dgN53mmPQ4/PUuGSgQllYO9pq5fn2hcmki532hiaXvXQyzqoe6Wha','[\"ROLE_VOLUNTEER\"]','Darryl',NULL,'Zulauf','1976-08-08',1,'Austrian',54643593,'10% Sweden : 15% Norway : 13% Germany : Panama','Arizona','8667','Murraytown','Eusebio Hollow',NULL,'69090',NULL,'Bachelor','KEA','Web Development',NULL,NULL,1,1),(56,NULL,NULL,'c.kaiser.p+54@gmail.com','$2y$13$cjMr4k7vVj8Ivl1PTOe3t.8QzZj8RqDL3WGJ9thM2F4yxonrhQrAq','[\"ROLE_VOLUNTEER\"]','Lacey',NULL,'Hahn','1995-10-20',1,'Panamanian',38005473,'10% Sweden : 15% Norway : 13% Germany : Panama','Florida','5590','Goldnerview','Felix Streets',NULL,'921',NULL,'Bachelor','KEA','Web Development',NULL,NULL,1,1),(57,NULL,NULL,'c.kaiser.p+55@gmail.com','$2y$13$IN/oPnmIYSHYLs8eSTeujur4jo/F0kEMrDJzElOchvj7bZnB3odrm','[\"ROLE_VOLUNTEER\"]','Gladyce',NULL,'Nader','1978-08-27',1,'Panamanian',96090516,'10% Sweden : 15% Norway : 13% Germany : Panama','New Mexico','8234','South Rasheed','Evie Dale',NULL,'16748',NULL,'Bachelor','KEA','Web Development',NULL,NULL,1,1),(58,NULL,NULL,'c.kaiser.p+56@gmail.com','$2y$13$wFDS43vvBFSqAA/IVYLoHOpZG1Mz4KqJnXMYY4Ie3pFxgYUmcV8qm','[\"ROLE_VOLUNTEER\"]','Toni',NULL,'Yost','1998-09-01',1,'Danish',60607775,'10% Sweden : 15% Norway : 13% Germany : Panama','New Jersey','4039','Tyreseside','Jane Crest',NULL,'99289',NULL,'Bachelor','KEA','Web Development',NULL,NULL,1,1),(59,NULL,NULL,'c.kaiser.p+57@gmail.com','$2y$13$x4L8NZQOIHJnrfLFns/le.g8IW1J/F4cfecbuCmLaZ7byFrKmYjKa','[\"ROLE_VOLUNTEER\"]','Annette',NULL,'Pouros','1999-08-21',1,'Norwegian',44359294,'Austria','Tennessee','4080','Framiton','Anderson Cliff',NULL,'197',NULL,'Bachelor','KEA','Web Development',NULL,NULL,1,1),(60,NULL,NULL,'c.kaiser.p+58@gmail.com','$2y$13$OzA9H7astTcYlC3Mq2p60.HD1pelE85W1n113OCBFpaG61S51Ltpi','[\"ROLE_VOLUNTEER\"]','Mariam',NULL,'Pacocha','1971-09-01',1,'Danish',52943269,'Denmark','Minnesota','8399','Zoramouth','Heathcote Garden',NULL,'71290',NULL,'Bachelor','KEA','Web Development',NULL,NULL,1,1),(61,NULL,NULL,'c.kaiser.p+59@gmail.com','$2y$13$wMgWImhgZxm9IcIGxgHGh.dvjlqI8k06FeS3.U37hcl3A3RHiF/fm','[\"ROLE_VOLUNTEER\"]','Devonte',NULL,'Kessler','1992-01-17',1,'Panamanian',55049412,'10% Sweden : 15% Norway : 13% Germany : Panama','Wisconsin','3790','West Gerson','Dooley Course',NULL,'573',NULL,'Bachelor','KEA','Web Development',NULL,NULL,1,1),(62,NULL,NULL,'c.kaiser.p+60@gmail.com','$2y$13$F8VjNmQa//ynSC.phGCIRuBPtCfdLcmmB39qiuIfU2F6PwUkSnKqO','[\"ROLE_VOLUNTEER\"]','Etha',NULL,'Connelly','1986-07-02',1,'Panamanian',42597085,'Denmark','North Dakota','1934','Rippinchester','Pollich Manor',NULL,'202',NULL,'Bachelor','KEA','Web Development',NULL,NULL,1,1),(63,NULL,NULL,'c.kaiser.p+61@gmail.com','$2y$13$Jn.DpRiC9iiLDVSBNeXVluQdHDM1X/SS3Gx49HM9t3OIR3WGEUa2y','[\"ROLE_VOLUNTEER\"]','Sammie',NULL,'Brekke','1987-12-30',1,'Panamanian',89213615,'10% Sweden : 15% Norway : 13% Germany : Panama','Delaware','3871','West Lavonnemouth','Karson Meadow',NULL,'754',NULL,'Bachelor','KEA','Web Development',NULL,NULL,1,1),(64,NULL,NULL,'c.kaiser.p+62@gmail.com','$2y$13$8so7haLsEUq.lqvi51Q2euFTbIGxnZMgMOP1ja852GH/k2UbJE7na','[\"ROLE_VOLUNTEER\"]','Taryn',NULL,'Wiegand','1997-10-11',1,'Austrian',43915862,'10% Sweden : 15% Norway : 13% Germany : Panama','Wisconsin','6403','Tremblayberg','Donnelly Loaf',NULL,'9953',NULL,'Bachelor','KEA','Web Development',NULL,NULL,1,1),(65,NULL,NULL,'c.kaiser.p+63@gmail.com','$2y$13$PIgTLnjYVyRJ0HNSAZZ0SuLARUjXOxAPaDB0jf/wZEq67IDvt3WYy','[\"ROLE_VOLUNTEER\"]','Ettie',NULL,'Streich','1997-05-24',1,'Danish',70031949,'Denmark','Minnesota','9031','Reichelberg','Bartell Union',NULL,'8698',NULL,'Bachelor','KEA','Web Development',NULL,NULL,1,1),(66,NULL,NULL,'c.kaiser.p+64@gmail.com','$2y$13$jF1PwD8QhCt51Q0fLtYORun29TWaZMDk5qCmEHLk.Ja7TF.yJ4SJy','[\"ROLE_VOLUNTEER\"]','Toy',NULL,'Considine','1980-02-01',1,'Danish',74675949,'10% Sweden : 15% Norway : 13% Germany : Panama','New Jersey','9308','Lake Reymundobury','Tyrel Island',NULL,'997',NULL,'Bachelor','KEA','Web Development',NULL,NULL,1,1),(67,NULL,NULL,'c.kaiser.p+65@gmail.com','$2y$13$d9hlSKOZTmcqv25v89lmhuAb6fv4hmR8.eLrBRpeStX03A6I/YgDO','[\"ROLE_VOLUNTEER\"]','Conner',NULL,'Nienow','1974-03-03',1,'Danish',92164290,'Denmark','Arizona','4472','South Elzaton','Senger Loop',NULL,'3181',NULL,'Bachelor','KEA','Web Development',NULL,NULL,1,1),(68,NULL,NULL,'c.kaiser.p+66@gmail.com','$2y$13$HfeazRvdGYWf8OkWM.w/8.Bn9coV0yy6mVUEmXyM6tP5t8m4EtQCK','[\"ROLE_VOLUNTEER\"]','Thaddeus',NULL,'Jast','1997-04-13',1,'Danish',39666208,'10% Sweden : 15% Norway : 13% Germany : Panama','New Mexico','8491','New Ryderstad','Ramon Path',NULL,'18909',NULL,'Bachelor','KEA','Web Development',NULL,NULL,1,1),(69,NULL,NULL,'c.kaiser.p+67@gmail.com','$2y$13$EbBChIUScq0fZsT.gjwjBuShA8M.V4X6.r8ymYILfbKPdJ4mJcp1O','[\"ROLE_VOLUNTEER\"]','Al',NULL,'Kovacek','1970-12-28',1,'Danish',71239628,'10% Sweden : 15% Norway : 13% Germany : Panama','New Hampshire','1390','New Sydnie','Stacy Lakes',NULL,'28049',NULL,'Bachelor','KEA','Web Development',NULL,NULL,1,1),(70,NULL,NULL,'c.kaiser.p+68@gmail.com','$2y$13$es74XwZxDayBFQ6lQwwfj.jVzEikphbwTUHhXPhlfDkaH9NtLotUi','[\"ROLE_VOLUNTEER\"]','Felicia',NULL,'Kuhlman','1991-01-31',1,'Panamanian',63613429,'10% Sweden : 15% Norway : 13% Germany : Panama','Wyoming','4943','Lavernachester','Paris Locks',NULL,'3171',NULL,'Bachelor','KEA','Web Development',NULL,NULL,1,1),(71,NULL,NULL,'c.kaiser.p+69@gmail.com','$2y$13$RlWRS2T3Xue8uxZui7lCjOtp0ZtNjGAIHDeCNV7y0FZj/CuQ47E8G','[\"ROLE_VOLUNTEER\"]','Ole',NULL,'Davis','1975-01-31',1,'Danish',23823425,'10% Sweden : 15% Norway : 13% Germany : Panama','Alabama','1620','New Vergiefort','Meda Turnpike',NULL,'87591',NULL,'Bachelor','KEA','Web Development',NULL,NULL,1,1),(72,NULL,NULL,'c.kaiser.p+70@gmail.com','$2y$13$z7BRCqMzDhOq0.InSA1P4O0DduQdOI529Q4Bx1L/BLAuli6eeyIL2','[\"ROLE_VOLUNTEER\"]','Braeden',NULL,'McCullough','1985-09-17',1,'Austrian',78402940,'10% Sweden : 15% Norway : 13% Germany : Panama','Alaska','3931','Arnofort','Charity Flat',NULL,'85120',NULL,'Bachelor','KEA','Web Development',NULL,NULL,1,1),(73,NULL,NULL,'c.kaiser.p+71@gmail.com','$2y$13$hD/4N6Jqz0/.VTj8pLlCqO3pXB0sqaE8SpkHv4UAjSzWOFWy3KmjS','[\"ROLE_VOLUNTEER\"]','Alivia',NULL,'Morar','1990-06-21',1,'Swedish',79576247,'Austria','Connecticut','7535','Susanaview','Pfannerstill Unions',NULL,'4485',NULL,'Bachelor','KEA','Web Development',NULL,NULL,1,1),(74,NULL,NULL,'c.kaiser.p+72@gmail.com','$2y$13$DfN686IMEUADnsBINu0d.uLe65.UtqYqUUcDb.84VZHVW0iVzEfIK','[\"ROLE_VOLUNTEER\"]','Jonatan',NULL,'D\'Amore','1993-07-22',1,'Norwegian',23976452,'10% Sweden : 15% Norway : 13% Germany : Panama','Kentucky','5834','East Leone','Euna Divide',NULL,'56499',NULL,'Bachelor','KEA','Web Development',NULL,NULL,1,1),(75,NULL,NULL,'c.kaiser.p+73@gmail.com','$2y$13$T9IJw6XBZzyHyxG0dpF4iuLmDYXA3e9mFjhAUP1xYsRWJVoMP6pLW','[\"ROLE_VOLUNTEER\"]','Lavina',NULL,'Collins','1990-03-23',1,'Germany',93017457,'Austria','Indiana','2620','Veumstad','Mustafa Harbors',NULL,'1310',NULL,'Bachelor','KEA','Web Development',NULL,NULL,1,1),(76,NULL,NULL,'c.kaiser.p+74@gmail.com','$2y$13$i3PDCZnncVf/PkmnJfE.KOX2819mCdR6/km6NB7rPCbq6GBxeXqUu','[\"ROLE_VOLUNTEER\"]','Cassandra',NULL,'Anderson','1984-05-09',1,'Germany',33394064,'10% Sweden : 15% Norway : 13% Germany : Panama','Utah','8378','South Manuela','Wyman Springs',NULL,'3426',NULL,'Bachelor','KEA','Web Development',NULL,NULL,1,1),(77,NULL,NULL,'c.kaiser.p+75@gmail.com','$2y$13$acm27ARWSZ.bRw4VAr8IqebIW9OkAb4eoS2YrLG0etD16Eb27pkr6','[\"ROLE_VOLUNTEER\"]','Mariela',NULL,'Funk','1997-07-15',1,'Danish',41085277,'10% Sweden : 15% Norway : 13% Germany : Panama','Pennsylvania','5027','North Lia','Domenica Forest',NULL,'3893',NULL,'Bachelor','KEA','Web Development',NULL,NULL,1,1),(78,NULL,NULL,'c.kaiser.p+76@gmail.com','$2y$13$t3GJP6xkHdgMAPpIk6UFxe49w.tDJ.QmMSwK68Ru.JuBrX0es000y','[\"ROLE_VOLUNTEER\"]','Judah',NULL,'Kuhn','1987-08-30',1,'Austrian',55742873,'Denmark','Massachusetts','9295','New Emmanuelleview','Bradtke Pass',NULL,'161',NULL,'Bachelor','KEA','Web Development',NULL,NULL,1,1),(79,NULL,NULL,'c.kaiser.p+77@gmail.com','$2y$13$WwEFOys5tYcyLgprBOCBi.52MR9IPDgfP1kTeLZ5KyPxOFURjctqa','[\"ROLE_VOLUNTEER\"]','Eli',NULL,'Mills','1995-05-17',1,'Danish',73731263,'10% Sweden : 15% Norway : 13% Germany : Panama','California','6652','Rhiannonchester','West Keys',NULL,'5930',NULL,'Bachelor','KEA','Web Development',NULL,NULL,1,1),(80,NULL,NULL,'c.kaiser.p+78@gmail.com','$2y$13$aOdrk0jzI.m1bK4AJVynLe1rRB4XXRlyIymP3LCBCvHu97NQmnrUW','[\"ROLE_VOLUNTEER\"]','Don',NULL,'Pouros','1986-10-04',1,'Austrian',86130349,'10% Sweden : 15% Norway : 13% Germany : Panama','South Dakota','7668','Ferryville','Conroy Estate',NULL,'9003',NULL,'Bachelor','KEA','Web Development',NULL,NULL,1,1),(81,NULL,NULL,'c.kaiser.p+79@gmail.com','$2y$13$/A/3/wtbcxGbOoqw3AgLJOBNMyMs1aN.mV39Erzj8Etmuhc8HVhIu','[\"ROLE_VOLUNTEER\"]','Maybell',NULL,'Blick','1974-10-21',1,'Panamanian',84398236,'10% Sweden : 15% Norway : 13% Germany : Panama','Illinois','7876','Zanehaven','Ryan Union',NULL,'18716',NULL,'Bachelor','KEA','Web Development',NULL,NULL,1,1),(82,NULL,NULL,'c.kaiser.p+80@gmail.com','$2y$13$Ap39VG1wjJTfioggoi.9tOooHZ35Bd4zJ.kZbFLrzftFZn0druaQy','[\"ROLE_VOLUNTEER\"]','Malcolm',NULL,'Auer','1984-03-20',1,'Panamanian',94862922,'10% Sweden : 15% Norway : 13% Germany : Panama','West Virginia','7801','Bednarmouth','Monroe Islands',NULL,'3065',NULL,'Bachelor','KEA','Web Development',NULL,NULL,1,1);
/*!40000 ALTER TABLE `user` ENABLE KEYS */;
UNLOCK TABLES;
/*!40103 SET TIME_ZONE=@OLD_TIME_ZONE */;

/*!40101 SET SQL_MODE=@OLD_SQL_MODE */;
/*!40014 SET FOREIGN_KEY_CHECKS=@OLD_FOREIGN_KEY_CHECKS */;
/*!40014 SET UNIQUE_CHECKS=@OLD_UNIQUE_CHECKS */;
/*!40101 SET CHARACTER_SET_CLIENT=@OLD_CHARACTER_SET_CLIENT */;
/*!40101 SET CHARACTER_SET_RESULTS=@OLD_CHARACTER_SET_RESULTS */;
/*!40101 SET COLLATION_CONNECTION=@OLD_COLLATION_CONNECTION */;
/*!40111 SET SQL_NOTES=@OLD_SQL_NOTES */;

-- Dump completed on 2017-01-05  2:21:41
